score, v[0], v[1], v[2], v[3], v[4], v[5], v[6], v[7], v[8], v[9]
45, 0, 1, 2, 3, 4, 5, 6, 7, 8, 9
46, 0, 1, 2, 3, 4, 5, 6, 7, 8, 10
47, 0, 1, 2, 3, 4, 5, 6, 7, 8, 11
47, 0, 1, 2, 3, 4, 5, 6, 7, 9, 10
48, 0, 1, 2, 3, 4, 5, 6, 7, 8, 12
48, 0, 1, 2, 3, 4, 5, 6, 7, 9, 11
48, 0, 1, 2, 3, 4, 5, 6, 8, 9, 10
49, 0, 1, 2, 3, 4, 5, 6, 7, 8, 13
49, 0, 1, 2, 3, 4, 5, 6, 7, 9, 12
49, 0, 1, 2, 3, 4, 5, 6, 7, 10, 11
49, 0, 1, 2, 3, 4, 5, 6, 8, 9, 11
49, 0, 1, 2, 3, 4, 5, 7, 8, 9, 10
50, 0, 1, 2, 3, 4, 5, 6, 7, 8, 14
50, 0, 1, 2, 3, 4, 5, 6, 7, 9, 13
50, 0, 1, 2, 3, 4, 5, 6, 7, 10, 12
50, 0, 1, 2, 3, 4, 5, 6, 8, 9, 12
50, 0, 1, 2, 3, 4, 5, 6, 8, 10, 11
50, 0, 1, 2, 3, 4, 5, 7, 8, 9, 11
50, 0, 1, 2, 3, 4, 6, 7, 8, 9, 10
51, 0, 1, 2, 3, 4, 5, 6, 7, 8, 15
51, 0, 1, 2, 3, 4, 5, 6, 7, 9, 14
51, 0, 1, 2, 3, 4, 5, 6, 7, 10, 13
51, 0, 1, 2, 3, 4, 5, 6, 7, 11, 12
51, 0, 1, 2, 3, 4, 5, 6, 8, 9, 13
51, 0, 1, 2, 3, 4, 5, 6, 8, 10, 12
51, 0, 1, 2, 3, 4, 5, 6, 9, 10, 11
51, 0, 1, 2, 3, 4, 5, 7, 8, 9, 12
51, 0, 1, 2, 3, 4, 5, 7, 8, 10, 11
51, 0, 1, 2, 3, 4, 6, 7, 8, 9, 11
51, 0, 1, 2, 3, 5, 6, 7, 8, 9, 10
52, 0, 1, 2, 3, 4, 5, 6, 7, 8, 16
52, 0, 1, 2, 3, 4, 5, 6, 7, 9, 15
52, 0, 1, 2, 3, 4, 5, 6, 7, 10, 14
52, 0, 1, 2, 3, 4, 5, 6, 7, 11, 13
52, 0, 1, 2, 3, 4, 5, 6, 8, 9, 14
52, 0, 1, 2, 3, 4, 5, 6, 8, 10, 13
52, 0, 1, 2, 3, 4, 5, 6, 8, 11, 12
52, 0, 1, 2, 3, 4, 5, 6, 9, 10, 12
52, 0, 1, 2, 3, 4, 5, 7, 8, 9, 13
52, 0, 1, 2, 3, 4, 5, 7, 8, 10, 12
52, 0, 1, 2, 3, 4, 5, 7, 9, 10, 11
52, 0, 1, 2, 3, 4, 6, 7, 8, 9, 12
52, 0, 1, 2, 3, 4, 6, 7, 8, 10, 11
52, 0, 1, 2, 3, 5, 6, 7, 8, 9, 11
52, 0, 1, 2, 4, 5, 6, 7, 8, 9, 10
53, 0, 1, 2, 3, 4, 5, 6, 7, 8, 17
53, 0, 1, 2, 3, 4, 5, 6, 7, 9, 16
53, 0, 1, 2, 3, 4, 5, 6, 7, 10, 15
53, 0, 1, 2, 3, 4, 5, 6, 7, 11, 14
53, 0, 1, 2, 3, 4, 5, 6, 7, 12, 13
53, 0, 1, 2, 3, 4, 5, 6, 8, 9, 15
53, 0, 1, 2, 3, 4, 5, 6, 8, 10, 14
53, 0, 1, 2, 3, 4, 5, 6, 8, 11, 13
53, 0, 1, 2, 3, 4, 5, 6, 9, 10, 13
53, 0, 1, 2, 3, 4, 5, 6, 9, 11, 12
53, 0, 1, 2, 3, 4, 5, 7, 8, 9, 14
53, 0, 1, 2, 3, 4, 5, 7, 8, 10, 13
53, 0, 1, 2, 3, 4, 5, 7, 8, 11, 12
53, 0, 1, 2, 3, 4, 5, 7, 9, 10, 12
53, 0, 1, 2, 3, 4, 5, 8, 9, 10, 11
53, 0, 1, 2, 3, 4, 6, 7, 8, 9, 13
53, 0, 1, 2, 3, 4, 6, 7, 8, 10, 12
53, 0, 1, 2, 3, 4, 6, 7, 9, 10, 11
53, 0, 1, 2, 3, 5, 6, 7, 8, 9, 12
53, 0, 1, 2, 3, 5, 6, 7, 8, 10, 11
53, 0, 1, 2, 4, 5, 6, 7, 8, 9, 11
53, 0, 1, 3, 4, 5, 6, 7, 8, 9, 10
54, 0, 1, 2, 3, 4, 5, 6, 7, 8, 18
54, 0, 1, 2, 3, 4, 5, 6, 7, 9, 17
54, 0, 1, 2, 3, 4, 5, 6, 7, 10, 16
54, 0, 1, 2, 3, 4, 5, 6, 7, 11, 15
54, 0, 1, 2, 3, 4, 5, 6, 7, 12, 14
54, 0, 1, 2, 3, 4, 5, 6, 8, 9, 16
54, 0, 1, 2, 3, 4, 5, 6, 8, 10, 15
54, 0, 1, 2, 3, 4, 5, 6, 8, 11, 14
54, 0, 1, 2, 3, 4, 5, 6, 8, 12, 13
54, 0, 1, 2, 3, 4, 5, 6, 9, 10, 14
54, 0, 1, 2, 3, 4, 5, 6, 9, 11, 13
54, 0, 1, 2, 3, 4, 5, 6, 10, 11, 12
54, 0, 1, 2, 3, 4, 5, 7, 8, 9, 15
54, 0, 1, 2, 3, 4, 5, 7, 8, 10, 14
54, 0, 1, 2, 3, 4, 5, 7, 8, 11, 13
54, 0, 1, 2, 3, 4, 5, 7, 9, 10, 13
54, 0, 1, 2, 3, 4, 5, 7, 9, 11, 12
54, 0, 1, 2, 3, 4, 5, 8, 9, 10, 12
54, 0, 1, 2, 3, 4, 6, 7, 8, 9, 14
54, 0, 1, 2, 3, 4, 6, 7, 8, 10, 13
54, 0, 1, 2, 3, 4, 6, 7, 8, 11, 12
54, 0, 1, 2, 3, 4, 6, 7, 9, 10, 12
54, 0, 1, 2, 3, 4, 6, 8, 9, 10, 11
54, 0, 1, 2, 3, 5, 6, 7, 8, 9, 13
54, 0, 1, 2, 3, 5, 6, 7, 8, 10, 12
54, 0, 1, 2, 3, 5, 6, 7, 9, 10, 11
54, 0, 1, 2, 4, 5, 6, 7, 8, 9, 12
54, 0, 1, 2, 4, 5, 6, 7, 8, 10, 11
54, 0, 1, 3, 4, 5, 6, 7, 8, 9, 11
54, 0, 2, 3, 4, 5, 6, 7, 8, 9, 10
55, 0, 1, 2, 3, 4, 5, 6, 7, 8, 19
55, 0, 1, 2, 3, 4, 5, 6, 7, 9, 18
55, 0, 1, 2, 3, 4, 5, 6, 7, 10, 17
55, 0, 1, 2, 3, 4, 5, 6, 7, 11, 16
55, 0, 1, 2, 3, 4, 5, 6, 7, 12, 15
55, 0, 1, 2, 3, 4, 5, 6, 7, 13, 14
55, 0, 1, 2, 3, 4, 5, 6, 8, 9, 17
55, 0, 1, 2, 3, 4, 5, 6, 8, 10, 16
55, 0, 1, 2, 3, 4, 5, 6, 8, 11, 15
55, 0, 1, 2, 3, 4, 5, 6, 8, 12, 14
55, 0, 1, 2, 3, 4, 5, 6, 9, 10, 15
55, 0, 1, 2, 3, 4, 5, 6, 9, 11, 14
55, 0, 1, 2, 3, 4, 5, 6, 9, 12, 13
55, 0, 1, 2, 3, 4, 5, 6, 10, 11, 13
55, 0, 1, 2, 3, 4, 5, 7, 8, 9, 16
55, 0, 1, 2, 3, 4, 5, 7, 8, 10, 15
55, 0, 1, 2, 3, 4, 5, 7, 8, 11, 14
55, 0, 1, 2, 3, 4, 5, 7, 8, 12, 13
55, 0, 1, 2, 3, 4, 5, 7, 9, 10, 14
55, 0, 1, 2, 3, 4, 5, 7, 9, 11, 13
55, 0, 1, 2, 3, 4, 5, 7, 10, 11, 12
55, 0, 1, 2, 3, 4, 5, 8, 9, 10, 13
55, 0, 1, 2, 3, 4, 5, 8, 9, 11, 12
55, 0, 1, 2, 3, 4, 6, 7, 8, 9, 15
55, 0, 1, 2, 3, 4, 6, 7, 8, 10, 14
55, 0, 1, 2, 3, 4, 6, 7, 8, 11, 13
55, 0, 1, 2, 3, 4, 6, 7, 9, 10, 13
55, 0, 1, 2, 3, 4, 6, 7, 9, 11, 12
55, 0, 1, 2, 3, 4, 6, 8, 9, 10, 12
55, 0, 1, 2, 3, 4, 7, 8, 9, 10, 11
55, 0, 1, 2, 3, 5, 6, 7, 8, 9, 14
55, 0, 1, 2, 3, 5, 6, 7, 8, 10, 13
55, 0, 1, 2, 3, 5, 6, 7, 8, 11, 12
55, 0, 1, 2, 3, 5, 6, 7, 9, 10, 12
55, 0, 1, 2, 3, 5, 6, 8, 9, 10, 11
55, 0, 1, 2, 4, 5, 6, 7, 8, 9, 13
55, 0, 1, 2, 4, 5, 6, 7, 8, 10, 12
55, 0, 1, 2, 4, 5, 6, 7, 9, 10, 11
55, 0, 1, 3, 4, 5, 6, 7, 8, 9, 12
55, 0, 1, 3, 4, 5, 6, 7, 8, 10, 11
55, 0, 2, 3, 4, 5, 6, 7, 8, 9, 11
55, 1, 2, 3, 4, 5, 6, 7, 8, 9, 10
56, 0, 1, 2, 3, 4, 5, 6, 7, 8, 20
56, 0, 1, 2, 3, 4, 5, 6, 7, 9, 19
56, 0, 1, 2, 3, 4, 5, 6, 7, 10, 18
56, 0, 1, 2, 3, 4, 5, 6, 7, 11, 17
56, 0, 1, 2, 3, 4, 5, 6, 7, 12, 16
56, 0, 1, 2, 3, 4, 5, 6, 7, 13, 15
56, 0, 1, 2, 3, 4, 5, 6, 8, 9, 18
56, 0, 1, 2, 3, 4, 5, 6, 8, 10, 17
56, 0, 1, 2, 3, 4, 5, 6, 8, 11, 16
56, 0, 1, 2, 3, 4, 5, 6, 8, 12, 15
56, 0, 1, 2, 3, 4, 5, 6, 8, 13, 14
56, 0, 1, 2, 3, 4, 5, 6, 9, 10, 16
56, 0, 1, 2, 3, 4, 5, 6, 9, 11, 15
56, 0, 1, 2, 3, 4, 5, 6, 9, 12, 14
56, 0, 1, 2, 3, 4, 5, 6, 10, 11, 14
56, 0, 1, 2, 3, 4, 5, 6, 10, 12, 13
56, 0, 1, 2, 3, 4, 5, 7, 8, 9, 17
56, 0, 1, 2, 3, 4, 5, 7, 8, 10, 16
56, 0, 1, 2, 3, 4, 5, 7, 8, 11, 15
56, 0, 1, 2, 3, 4, 5, 7, 8, 12, 14
56, 0, 1, 2, 3, 4, 5, 7, 9, 10, 15
56, 0, 1, 2, 3, 4, 5, 7, 9, 11, 14
56, 0, 1, 2, 3, 4, 5, 7, 9, 12, 13
56, 0, 1, 2, 3, 4, 5, 7, 10, 11, 13
56, 0, 1, 2, 3, 4, 5, 8, 9, 10, 14
56, 0, 1, 2, 3, 4, 5, 8, 9, 11, 13
56, 0, 1, 2, 3, 4, 5, 8, 10, 11, 12
56, 0, 1, 2, 3, 4, 6, 7, 8, 9, 16
56, 0, 1, 2, 3, 4, 6, 7, 8, 10, 15
56, 0, 1, 2, 3, 4, 6, 7, 8, 11, 14
56, 0, 1, 2, 3, 4, 6, 7, 8, 12, 13
56, 0, 1, 2, 3, 4, 6, 7, 9, 10, 14
56, 0, 1, 2, 3, 4, 6, 7, 9, 11, 13
56, 0, 1, 2, 3, 4, 6, 7, 10, 11, 12
56, 0, 1, 2, 3, 4, 6, 8, 9, 10, 13
56, 0, 1, 2, 3, 4, 6, 8, 9, 11, 12
56, 0, 1, 2, 3, 4, 7, 8, 9, 10, 12
56, 0, 1, 2, 3, 5, 6, 7, 8, 9, 15
56, 0, 1, 2, 3, 5, 6, 7, 8, 10, 14
56, 0, 1, 2, 3, 5, 6, 7, 8, 11, 13
56, 0, 1, 2, 3, 5, 6, 7, 9, 10, 13
56, 0, 1, 2, 3, 5, 6, 7, 9, 11, 12
56, 0, 1, 2, 3, 5, 6, 8, 9, 10, 12
56, 0, 1, 2, 3, 5, 7, 8, 9, 10, 11
56, 0, 1, 2, 4, 5, 6, 7, 8, 9, 14
56, 0, 1, 2, 4, 5, 6, 7, 8, 10, 13
56, 0, 1, 2, 4, 5, 6, 7, 8, 11, 12
56, 0, 1, 2, 4, 5, 6, 7, 9, 10, 12
56, 0, 1, 2, 4, 5, 6, 8, 9, 10, 11
56, 0, 1, 3, 4, 5, 6, 7, 8, 9, 13
56, 0, 1, 3, 4, 5, 6, 7, 8, 10, 12
56, 0, 1, 3, 4, 5, 6, 7, 9, 10, 11
56, 0, 2, 3, 4, 5, 6, 7, 8, 9, 12
56, 0, 2, 3, 4, 5, 6, 7, 8, 10, 11
56, 1, 2, 3, 4, 5, 6, 7, 8, 9, 11
57, 0, 1, 2, 3, 4, 5, 6, 7, 8, 21
57, 0, 1, 2, 3, 4, 5, 6, 7, 9, 20
57, 0, 1, 2, 3, 4, 5, 6, 7, 10, 19
57, 0, 1, 2, 3, 4, 5, 6, 7, 11, 18
57, 0, 1, 2, 3, 4, 5, 6, 7, 12, 17
57, 0, 1, 2, 3, 4, 5, 6, 7, 13, 16
57, 0, 1, 2, 3, 4, 5, 6, 7, 14, 15
57, 0, 1, 2, 3, 4, 5, 6, 8, 9, 19
57, 0, 1, 2, 3, 4, 5, 6, 8, 10, 18
57, 0, 1, 2, 3, 4, 5, 6, 8, 11, 17
57, 0, 1, 2, 3, 4, 5, 6, 8, 12, 16
57, 0, 1, 2, 3, 4, 5, 6, 8, 13, 15
57, 0, 1, 2, 3, 4, 5, 6, 9, 10, 17
57, 0, 1, 2, 3, 4, 5, 6, 9, 11, 16
57, 0, 1, 2, 3, 4, 5, 6, 9, 12, 15
57, 0, 1, 2, 3, 4, 5, 6, 9, 13, 14
57, 0, 1, 2, 3, 4, 5, 6, 10, 11, 15
57, 0, 1, 2, 3, 4, 5, 6, 10, 12, 14
57, 0, 1, 2, 3, 4, 5, 6, 11, 12, 13
57, 0, 1, 2, 3, 4, 5, 7, 8, 9, 18
57, 0, 1, 2, 3, 4, 5, 7, 8, 10, 17
57, 0, 1, 2, 3, 4, 5, 7, 8, 11, 16
57, 0, 1, 2, 3, 4, 5, 7, 8, 12, 15
57, 0, 1, 2, 3, 4, 5, 7, 8, 13, 14
57, 0, 1, 2, 3, 4, 5, 7, 9, 10, 16
57, 0, 1, 2, 3, 4, 5, 7, 9, 11, 15
57, 0, 1, 2, 3, 4, 5, 7, 9, 12, 14
57, 0, 1, 2, 3, 4, 5, 7, 10, 11, 14
57, 0, 1, 2, 3, 4, 5, 7, 10, 12, 13
57, 0, 1, 2, 3, 4, 5, 8, 9, 10, 15
57, 0, 1, 2, 3, 4, 5, 8, 9, 11, 14
57, 0, 1, 2, 3, 4, 5, 8, 9, 12, 13
57, 0, 1, 2, 3, 4, 5, 8, 10, 11, 13
57, 0, 1, 2, 3, 4, 5, 9, 10, 11, 12
57, 0, 1, 2, 3, 4, 6, 7, 8, 9, 17
57, 0, 1, 2, 3, 4, 6, 7, 8, 10, 16
57, 0, 1, 2, 3, 4, 6, 7, 8, 11, 15
57, 0, 1, 2, 3, 4, 6, 7, 8, 12, 14
57, 0, 1, 2, 3, 4, 6, 7, 9, 10, 15
57, 0, 1, 2, 3, 4, 6, 7, 9, 11, 14
57, 0, 1, 2, 3, 4, 6, 7, 9, 12, 13
57, 0, 1, 2, 3, 4, 6, 7, 10, 11, 13
57, 0, 1, 2, 3, 4, 6, 8, 9, 10, 14
57, 0, 1, 2, 3, 4, 6, 8, 9, 11, 13
57, 0, 1, 2, 3, 4, 6, 8, 10, 11, 12
57, 0, 1, 2, 3, 4, 7, 8, 9, 10, 13
57, 0, 1, 2, 3, 4, 7, 8, 9, 11, 12
57, 0, 1, 2, 3, 5, 6, 7, 8, 9, 16
57, 0, 1, 2, 3, 5, 6, 7, 8, 10, 15
57, 0, 1, 2, 3, 5, 6, 7, 8, 11, 14
57, 0, 1, 2, 3, 5, 6, 7, 8, 12, 13
57, 0, 1, 2, 3, 5, 6, 7, 9, 10, 14
57, 0, 1, 2, 3, 5, 6, 7, 9, 11, 13
57, 0, 1, 2, 3, 5, 6, 7, 10, 11, 12
57, 0, 1, 2, 3, 5, 6, 8, 9, 10, 13
57, 0, 1, 2, 3, 5, 6, 8, 9, 11, 12
57, 0, 1, 2, 3, 5, 7, 8, 9, 10, 12
57, 0, 1, 2, 3, 6, 7, 8, 9, 10, 11
57, 0, 1, 2, 4, 5, 6, 7, 8, 9, 15
57, 0, 1, 2, 4, 5, 6, 7, 8, 10, 14
57, 0, 1, 2, 4, 5, 6, 7, 8, 11, 13
57, 0, 1, 2, 4, 5, 6, 7, 9, 10, 13
57, 0, 1, 2, 4, 5, 6, 7, 9, 11, 12
57, 0, 1, 2, 4, 5, 6, 8, 9, 10, 12
57, 0, 1, 2, 4, 5, 7, 8, 9, 10, 11
57, 0, 1, 3, 4, 5, 6, 7, 8, 9, 14
57, 0, 1, 3, 4, 5, 6, 7, 8, 10, 13
57, 0, 1, 3, 4, 5, 6, 7, 8, 11, 12
57, 0, 1, 3, 4, 5, 6, 7, 9, 10, 12
57, 0, 1, 3, 4, 5, 6, 8, 9, 10, 11
57, 0, 2, 3, 4, 5, 6, 7, 8, 9, 13
57, 0, 2, 3, 4, 5, 6, 7, 8, 10, 12
57, 0, 2, 3, 4, 5, 6, 7, 9, 10, 11
57, 1, 2, 3, 4, 5, 6, 7, 8, 9, 12
57, 1, 2, 3, 4, 5, 6, 7, 8, 10, 11
58, 0, 1, 2, 3, 4, 5, 6, 7, 8, 22
58, 0, 1, 2, 3, 4, 5, 6, 7, 9, 21
58, 0, 1, 2, 3, 4, 5, 6, 7, 10, 20
58, 0, 1, 2, 3, 4, 5, 6, 7, 11, 19
58, 0, 1, 2, 3, 4, 5, 6, 7, 12, 18
58, 0, 1, 2, 3, 4, 5, 6, 7, 13, 17
58, 0, 1, 2, 3, 4, 5, 6, 7, 14, 16
58, 0, 1, 2, 3, 4, 5, 6, 8, 9, 20
58, 0, 1, 2, 3, 4, 5, 6, 8, 10, 19
58, 0, 1, 2, 3, 4, 5, 6, 8, 11, 18
58, 0, 1, 2, 3, 4, 5, 6, 8, 12, 17
58, 0, 1, 2, 3, 4, 5, 6, 8, 13, 16
58, 0, 1, 2, 3, 4, 5, 6, 8, 14, 15
58, 0, 1, 2, 3, 4, 5, 6, 9, 10, 18
58, 0, 1, 2, 3, 4, 5, 6, 9, 11, 17
58, 0, 1, 2, 3, 4, 5, 6, 9, 12, 16
58, 0, 1, 2, 3, 4, 5, 6, 9, 13, 15
58, 0, 1, 2, 3, 4, 5, 6, 10, 11, 16
58, 0, 1, 2, 3, 4, 5, 6, 10, 12, 15
58, 0, 1, 2, 3, 4, 5, 6, 10, 13, 14
58, 0, 1, 2, 3, 4, 5, 6, 11, 12, 14
58, 0, 1, 2, 3, 4, 5, 7, 8, 9, 19
58, 0, 1, 2, 3, 4, 5, 7, 8, 10, 18
58, 0, 1, 2, 3, 4, 5, 7, 8, 11, 17
58, 0, 1, 2, 3, 4, 5, 7, 8, 12, 16
58, 0, 1, 2, 3, 4, 5, 7, 8, 13, 15
58, 0, 1, 2, 3, 4, 5, 7, 9, 10, 17
58, 0, 1, 2, 3, 4, 5, 7, 9, 11, 16
58, 0, 1, 2, 3, 4, 5, 7, 9, 12, 15
58, 0, 1, 2, 3, 4, 5, 7, 9, 13, 14
58, 0, 1, 2, 3, 4, 5, 7, 10, 11, 15
58, 0, 1, 2, 3, 4, 5, 7, 10, 12, 14
58, 0, 1, 2, 3, 4, 5, 7, 11, 12, 13
58, 0, 1, 2, 3, 4, 5, 8, 9, 10, 16
58, 0, 1, 2, 3, 4, 5, 8, 9, 11, 15
58, 0, 1, 2, 3, 4, 5, 8, 9, 12, 14
58, 0, 1, 2, 3, 4, 5, 8, 10, 11, 14
58, 0, 1, 2, 3, 4, 5, 8, 10, 12, 13
58, 0, 1, 2, 3, 4, 5, 9, 10, 11, 13
58, 0, 1, 2, 3, 4, 6, 7, 8, 9, 18
58, 0, 1, 2, 3, 4, 6, 7, 8, 10, 17
58, 0, 1, 2, 3, 4, 6, 7, 8, 11, 16
58, 0, 1, 2, 3, 4, 6, 7, 8, 12, 15
58, 0, 1, 2, 3, 4, 6, 7, 8, 13, 14
58, 0, 1, 2, 3, 4, 6, 7, 9, 10, 16
58, 0, 1, 2, 3, 4, 6, 7, 9, 11, 15
58, 0, 1, 2, 3, 4, 6, 7, 9, 12, 14
58, 0, 1, 2, 3, 4, 6, 7, 10, 11, 14
58, 0, 1, 2, 3, 4, 6, 7, 10, 12, 13
58, 0, 1, 2, 3, 4, 6, 8, 9, 10, 15
58, 0, 1, 2, 3, 4, 6, 8, 9, 11, 14
58, 0, 1, 2, 3, 4, 6, 8, 9, 12, 13
58, 0, 1, 2, 3, 4, 6, 8, 10, 11, 13
58, 0, 1, 2, 3, 4, 6, 9, 10, 11, 12
58, 0, 1, 2, 3, 4, 7, 8, 9, 10, 14
58, 0, 1, 2, 3, 4, 7, 8, 9, 11, 13
58, 0, 1, 2, 3, 4, 7, 8, 10, 11, 12
58, 0, 1, 2, 3, 5, 6, 7, 8, 9, 17
58, 0, 1, 2, 3, 5, 6, 7, 8, 10, 16
58, 0, 1, 2, 3, 5, 6, 7, 8, 11, 15
58, 0, 1, 2, 3, 5, 6, 7, 8, 12, 14
58, 0, 1, 2, 3, 5, 6, 7, 9, 10, 15
58, 0, 1, 2, 3, 5, 6, 7, 9, 11, 14
58, 0, 1, 2, 3, 5, 6, 7, 9, 12, 13
58, 0, 1, 2, 3, 5, 6, 7, 10, 11, 13
58, 0, 1, 2, 3, 5, 6, 8, 9, 10, 14
58, 0, 1, 2, 3, 5, 6, 8, 9, 11, 13
58, 0, 1, 2, 3, 5, 6, 8, 10, 11, 12
58, 0, 1, 2, 3, 5, 7, 8, 9, 10, 13
58, 0, 1, 2, 3, 5, 7, 8, 9, 11, 12
58, 0, 1, 2, 3, 6, 7, 8, 9, 10, 12
58, 0, 1, 2, 4, 5, 6, 7, 8, 9, 16
58, 0, 1, 2, 4, 5, 6, 7, 8, 10, 15
58, 0, 1, 2, 4, 5, 6, 7, 8, 11, 14
58, 0, 1, 2, 4, 5, 6, 7, 8, 12, 13
58, 0, 1, 2, 4, 5, 6, 7, 9, 10, 14
58, 0, 1, 2, 4, 5, 6, 7, 9, 11, 13
58, 0, 1, 2, 4, 5, 6, 7, 10, 11, 12
58, 0, 1, 2, 4, 5, 6, 8, 9, 10, 13
58, 0, 1, 2, 4, 5, 6, 8, 9, 11, 12
58, 0, 1, 2, 4, 5, 7, 8, 9, 10, 12
58, 0, 1, 2, 4, 6, 7, 8, 9, 10, 11
58, 0, 1, 3, 4, 5, 6, 7, 8, 9, 15
58, 0, 1, 3, 4, 5, 6, 7, 8, 10, 14
58, 0, 1, 3, 4, 5, 6, 7, 8, 11, 13
58, 0, 1, 3, 4, 5, 6, 7, 9, 10, 13
58, 0, 1, 3, 4, 5, 6, 7, 9, 11, 12
58, 0, 1, 3, 4, 5, 6, 8, 9, 10, 12
58, 0, 1, 3, 4, 5, 7, 8, 9, 10, 11
58, 0, 2, 3, 4, 5, 6, 7, 8, 9, 14
58, 0, 2, 3, 4, 5, 6, 7, 8, 10, 13
58, 0, 2, 3, 4, 5, 6, 7, 8, 11, 12
58, 0, 2, 3, 4, 5, 6, 7, 9, 10, 12
58, 0, 2, 3, 4, 5, 6, 8, 9, 10, 11
58, 1, 2, 3, 4, 5, 6, 7, 8, 9, 13
58, 1, 2, 3, 4, 5, 6, 7, 8, 10, 12
58, 1, 2, 3, 4, 5, 6, 7, 9, 10, 11
59, 0, 1, 2, 3, 4, 5, 6, 7, 8, 23
59, 0, 1, 2, 3, 4, 5, 6, 7, 9, 22
59, 0, 1, 2, 3, 4, 5, 6, 7, 10, 21
59, 0, 1, 2, 3, 4, 5, 6, 7, 11, 20
59, 0, 1, 2, 3, 4, 5, 6, 7, 12, 19
59, 0, 1, 2, 3, 4, 5, 6, 7, 13, 18
59, 0, 1, 2, 3, 4, 5, 6, 7, 14, 17
59, 0, 1, 2, 3, 4, 5, 6, 7, 15, 16
59, 0, 1, 2, 3, 4, 5, 6, 8, 9, 21
59, 0, 1, 2, 3, 4, 5, 6, 8, 10, 20
59, 0, 1, 2, 3, 4, 5, 6, 8, 11, 19
59, 0, 1, 2, 3, 4, 5, 6, 8, 12, 18
59, 0, 1, 2, 3, 4, 5, 6, 8, 13, 17
59, 0, 1, 2, 3, 4, 5, 6, 8, 14, 16
59, 0, 1, 2, 3, 4, 5, 6, 9, 10, 19
59, 0, 1, 2, 3, 4, 5, 6, 9, 11, 18
59, 0, 1, 2, 3, 4, 5, 6, 9, 12, 17
59, 0, 1, 2, 3, 4, 5, 6, 9, 13, 16
59, 0, 1, 2, 3, 4, 5, 6, 9, 14, 15
59, 0, 1, 2, 3, 4, 5, 6, 10, 11, 17
59, 0, 1, 2, 3, 4, 5, 6, 10, 12, 16
59, 0, 1, 2, 3, 4, 5, 6, 10, 13, 15
59, 0, 1, 2, 3, 4, 5, 6, 11, 12, 15
59, 0, 1, 2, 3, 4, 5, 6, 11, 13, 14
59, 0, 1, 2, 3, 4, 5, 7, 8, 9, 20
59, 0, 1, 2, 3, 4, 5, 7, 8, 10, 19
59, 0, 1, 2, 3, 4, 5, 7, 8, 11, 18
59, 0, 1, 2, 3, 4, 5, 7, 8, 12, 17
59, 0, 1, 2, 3, 4, 5, 7, 8, 13, 16
59, 0, 1, 2, 3, 4, 5, 7, 8, 14, 15
59, 0, 1, 2, 3, 4, 5, 7, 9, 10, 18
59, 0, 1, 2, 3, 4, 5, 7, 9, 11, 17
59, 0, 1, 2, 3, 4, 5, 7, 9, 12, 16
59, 0, 1, 2, 3, 4, 5, 7, 9, 13, 15
59, 0, 1, 2, 3, 4, 5, 7, 10, 11, 16
59, 0, 1, 2, 3, 4, 5, 7, 10, 12, 15
59, 0, 1, 2, 3, 4, 5, 7, 10, 13, 14
59, 0, 1, 2, 3, 4, 5, 7, 11, 12, 14
59, 0, 1, 2, 3, 4, 5, 8, 9, 10, 17
59, 0, 1, 2, 3, 4, 5, 8, 9, 11, 16
59, 0, 1, 2, 3, 4, 5, 8, 9, 12, 15
59, 0, 1, 2, 3, 4, 5, 8, 9, 13, 14
59, 0, 1, 2, 3, 4, 5, 8, 10, 11, 15
59, 0, 1, 2, 3, 4, 5, 8, 10, 12, 14
59, 0, 1, 2, 3, 4, 5, 8, 11, 12, 13
59, 0, 1, 2, 3, 4, 5, 9, 10, 11, 14
59, 0, 1, 2, 3, 4, 5, 9, 10, 12, 13
59, 0, 1, 2, 3, 4, 6, 7, 8, 9, 19
59, 0, 1, 2, 3, 4, 6, 7, 8, 10, 18
59, 0, 1, 2, 3, 4, 6, 7, 8, 11, 17
59, 0, 1, 2, 3, 4, 6, 7, 8, 12, 16
59, 0, 1, 2, 3, 4, 6, 7, 8, 13, 15
59, 0, 1, 2, 3, 4, 6, 7, 9, 10, 17
59, 0, 1, 2, 3, 4, 6, 7, 9, 11, 16
59, 0, 1, 2, 3, 4, 6, 7, 9, 12, 15
59, 0, 1, 2, 3, 4, 6, 7, 9, 13, 14
59, 0, 1, 2, 3, 4, 6, 7, 10, 11, 15
59, 0, 1, 2, 3, 4, 6, 7, 10, 12, 14
59, 0, 1, 2, 3, 4, 6, 7, 11, 12, 13
59, 0, 1, 2, 3, 4, 6, 8, 9, 10, 16
59, 0, 1, 2, 3, 4, 6, 8, 9, 11, 15
59, 0, 1, 2, 3, 4, 6, 8, 9, 12, 14
59, 0, 1, 2, 3, 4, 6, 8, 10, 11, 14
59, 0, 1, 2, 3, 4, 6, 8, 10, 12, 13
59, 0, 1, 2, 3, 4, 6, 9, 10, 11, 13
59, 0, 1, 2, 3, 4, 7, 8, 9, 10, 15
59, 0, 1, 2, 3, 4, 7, 8, 9, 11, 14
59, 0, 1, 2, 3, 4, 7, 8, 9, 12, 13
59, 0, 1, 2, 3, 4, 7, 8, 10, 11, 13
59, 0, 1, 2, 3, 4, 7, 9, 10, 11, 12
59, 0, 1, 2, 3, 5, 6, 7, 8, 9, 18
59, 0, 1, 2, 3, 5, 6, 7, 8, 10, 17
59, 0, 1, 2, 3, 5, 6, 7, 8, 11, 16
59, 0, 1, 2, 3, 5, 6, 7, 8, 12, 15
59, 0, 1, 2, 3, 5, 6, 7, 8, 13, 14
59, 0, 1, 2, 3, 5, 6, 7, 9, 10, 16
59, 0, 1, 2, 3, 5, 6, 7, 9, 11, 15
59, 0, 1, 2, 3, 5, 6, 7, 9, 12, 14
59, 0, 1, 2, 3, 5, 6, 7, 10, 11, 14
59, 0, 1, 2, 3, 5, 6, 7, 10, 12, 13
59, 0, 1, 2, 3, 5, 6, 8, 9, 10, 15
59, 0, 1, 2, 3, 5, 6, 8, 9, 11, 14
59, 0, 1, 2, 3, 5, 6, 8, 9, 12, 13
59, 0, 1, 2, 3, 5, 6, 8, 10, 11, 13
59, 0, 1, 2, 3, 5, 6, 9, 10, 11, 12
59, 0, 1, 2, 3, 5, 7, 8, 9, 10, 14
59, 0, 1, 2, 3, 5, 7, 8, 9, 11, 13
59, 0, 1, 2, 3, 5, 7, 8, 10, 11, 12
59, 0, 1, 2, 3, 6, 7, 8, 9, 10, 13
59, 0, 1, 2, 3, 6, 7, 8, 9, 11, 12
59, 0, 1, 2, 4, 5, 6, 7, 8, 9, 17
59, 0, 1, 2, 4, 5, 6, 7, 8, 10, 16
59, 0, 1, 2, 4, 5, 6, 7, 8, 11, 15
59, 0, 1, 2, 4, 5, 6, 7, 8, 12, 14
59, 0, 1, 2, 4, 5, 6, 7, 9, 10, 15
59, 0, 1, 2, 4, 5, 6, 7, 9, 11, 14
59, 0, 1, 2, 4, 5, 6, 7, 9, 12, 13
59, 0, 1, 2, 4, 5, 6, 7, 10, 11, 13
59, 0, 1, 2, 4, 5, 6, 8, 9, 10, 14
59, 0, 1, 2, 4, 5, 6, 8, 9, 11, 13
59, 0, 1, 2, 4, 5, 6, 8, 10, 11, 12
59, 0, 1, 2, 4, 5, 7, 8, 9, 10, 13
59, 0, 1, 2, 4, 5, 7, 8, 9, 11, 12
59, 0, 1, 2, 4, 6, 7, 8, 9, 10, 12
59, 0, 1, 2, 5, 6, 7, 8, 9, 10, 11
59, 0, 1, 3, 4, 5, 6, 7, 8, 9, 16
59, 0, 1, 3, 4, 5, 6, 7, 8, 10, 15
59, 0, 1, 3, 4, 5, 6, 7, 8, 11, 14
59, 0, 1, 3, 4, 5, 6, 7, 8, 12, 13
59, 0, 1, 3, 4, 5, 6, 7, 9, 10, 14
59, 0, 1, 3, 4, 5, 6, 7, 9, 11, 13
59, 0, 1, 3, 4, 5, 6, 7, 10, 11, 12
59, 0, 1, 3, 4, 5, 6, 8, 9, 10, 13
59, 0, 1, 3, 4, 5, 6, 8, 9, 11, 12
59, 0, 1, 3, 4, 5, 7, 8, 9, 10, 12
59, 0, 1, 3, 4, 6, 7, 8, 9, 10, 11
59, 0, 2, 3, 4, 5, 6, 7, 8, 9, 15
59, 0, 2, 3, 4, 5, 6, 7, 8, 10, 14
59, 0, 2, 3, 4, 5, 6, 7, 8, 11, 13
59, 0, 2, 3, 4, 5, 6, 7, 9, 10, 13
59, 0, 2, 3, 4, 5, 6, 7, 9, 11, 12
59, 0, 2, 3, 4, 5, 6, 8, 9, 10, 12
59, 0, 2, 3, 4, 5, 7, 8, 9, 10, 11
59, 1, 2, 3, 4, 5, 6, 7, 8, 9, 14
59, 1, 2, 3, 4, 5, 6, 7, 8, 10, 13
59, 1, 2, 3, 4, 5, 6, 7, 8, 11, 12
59, 1, 2, 3, 4, 5, 6, 7, 9, 10, 12
59, 1, 2, 3, 4, 5, 6, 8, 9, 10, 11
60, 0, 1, 2, 3, 4, 5, 6, 7, 8, 24
60, 0, 1, 2, 3, 4, 5, 6, 7, 9, 23
60, 0, 1, 2, 3, 4, 5, 6, 7, 10, 22
60, 0, 1, 2, 3, 4, 5, 6, 7, 11, 21
60, 0, 1, 2, 3, 4, 5, 6, 7, 12, 20
60, 0, 1, 2, 3, 4, 5, 6, 7, 13, 19
60, 0, 1, 2, 3, 4, 5, 6, 7, 14, 18
60, 0, 1, 2, 3, 4, 5, 6, 7, 15, 17
60, 0, 1, 2, 3, 4, 5, 6, 8, 9, 22
60, 0, 1, 2, 3, 4, 5, 6, 8, 10, 21
60, 0, 1, 2, 3, 4, 5, 6, 8, 11, 20
60, 0, 1, 2, 3, 4, 5, 6, 8, 12, 19
60, 0, 1, 2, 3, 4, 5, 6, 8, 13, 18
60, 0, 1, 2, 3, 4, 5, 6, 8, 14, 17
60, 0, 1, 2, 3, 4, 5, 6, 8, 15, 16
60, 0, 1, 2, 3, 4, 5, 6, 9, 10, 20
60, 0, 1, 2, 3, 4, 5, 6, 9, 11, 19
60, 0, 1, 2, 3, 4, 5, 6, 9, 12, 18
60, 0, 1, 2, 3, 4, 5, 6, 9, 13, 17
60, 0, 1, 2, 3, 4, 5, 6, 9, 14, 16
60, 0, 1, 2, 3, 4, 5, 6, 10, 11, 18
60, 0, 1, 2, 3, 4, 5, 6, 10, 12, 17
60, 0, 1, 2, 3, 4, 5, 6, 10, 13, 16
60, 0, 1, 2, 3, 4, 5, 6, 10, 14, 15
60, 0, 1, 2, 3, 4, 5, 6, 11, 12, 16
60, 0, 1, 2, 3, 4, 5, 6, 11, 13, 15
60, 0, 1, 2, 3, 4, 5, 6, 12, 13, 14
60, 0, 1, 2, 3, 4, 5, 7, 8, 9, 21
60, 0, 1, 2, 3, 4, 5, 7, 8, 10, 20
60, 0, 1, 2, 3, 4, 5, 7, 8, 11, 19
60, 0, 1, 2, 3, 4, 5, 7, 8, 12, 18
60, 0, 1, 2, 3, 4, 5, 7, 8, 13, 17
60, 0, 1, 2, 3, 4, 5, 7, 8, 14, 16
60, 0, 1, 2, 3, 4, 5, 7, 9, 10, 19
60, 0, 1, 2, 3, 4, 5, 7, 9, 11, 18
60, 0, 1, 2, 3, 4, 5, 7, 9, 12, 17
60, 0, 1, 2, 3, 4, 5, 7, 9, 13, 16
60, 0, 1, 2, 3, 4, 5, 7, 9, 14, 15
60, 0, 1, 2, 3, 4, 5, 7, 10, 11, 17
60, 0, 1, 2, 3, 4, 5, 7, 10, 12, 16
60, 0, 1, 2, 3, 4, 5, 7, 10, 13, 15
60, 0, 1, 2, 3, 4, 5, 7, 11, 12, 15
60, 0, 1, 2, 3, 4, 5, 7, 11, 13, 14
60, 0, 1, 2, 3, 4, 5, 8, 9, 10, 18
60, 0, 1, 2, 3, 4, 5, 8, 9, 11, 17
60, 0, 1, 2, 3, 4, 5, 8, 9, 12, 16
60, 0, 1, 2, 3, 4, 5, 8, 9, 13, 15
60, 0, 1, 2, 3, 4, 5, 8, 10, 11, 16
60, 0, 1, 2, 3, 4, 5, 8, 10, 12, 15
60, 0, 1, 2, 3, 4, 5, 8, 10, 13, 14
60, 0, 1, 2, 3, 4, 5, 8, 11, 12, 14
60, 0, 1, 2, 3, 4, 5, 9, 10, 11, 15
60, 0, 1, 2, 3, 4, 5, 9, 10, 12, 14
60, 0, 1, 2, 3, 4, 5, 9, 11, 12, 13
60, 0, 1, 2, 3, 4, 6, 7, 8, 9, 20
60, 0, 1, 2, 3, 4, 6, 7, 8, 10, 19
60, 0, 1, 2, 3, 4, 6, 7, 8, 11, 18
60, 0, 1, 2, 3, 4, 6, 7, 8, 12, 17
60, 0, 1, 2, 3, 4, 6, 7, 8, 13, 16
60, 0, 1, 2, 3, 4, 6, 7, 8, 14, 15
60, 0, 1, 2, 3, 4, 6, 7, 9, 10, 18
60, 0, 1, 2, 3, 4, 6, 7, 9, 11, 17
60, 0, 1, 2, 3, 4, 6, 7, 9, 12, 16
60, 0, 1, 2, 3, 4, 6, 7, 9, 13, 15
60, 0, 1, 2, 3, 4, 6, 7, 10, 11, 16
60, 0, 1, 2, 3, 4, 6, 7, 10, 12, 15
60, 0, 1, 2, 3, 4, 6, 7, 10, 13, 14
60, 0, 1, 2, 3, 4, 6, 7, 11, 12, 14
60, 0, 1, 2, 3, 4, 6, 8, 9, 10, 17
60, 0, 1, 2, 3, 4, 6, 8, 9, 11, 16
60, 0, 1, 2, 3, 4, 6, 8, 9, 12, 15
60, 0, 1, 2, 3, 4, 6, 8, 9, 13, 14
60, 0, 1, 2, 3, 4, 6, 8, 10, 11, 15
60, 0, 1, 2, 3, 4, 6, 8, 10, 12, 14
60, 0, 1, 2, 3, 4, 6, 8, 11, 12, 13
60, 0, 1, 2, 3, 4, 6, 9, 10, 11, 14
60, 0, 1, 2, 3, 4, 6, 9, 10, 12, 13
60, 0, 1, 2, 3, 4, 7, 8, 9, 10, 16
60, 0, 1, 2, 3, 4, 7, 8, 9, 11, 15
60, 0, 1, 2, 3, 4, 7, 8, 9, 12, 14
60, 0, 1, 2, 3, 4, 7, 8, 10, 11, 14
60, 0, 1, 2, 3, 4, 7, 8, 10, 12, 13
60, 0, 1, 2, 3, 4, 7, 9, 10, 11, 13
60, 0, 1, 2, 3, 4, 8, 9, 10, 11, 12
60, 0, 1, 2, 3, 5, 6, 7, 8, 9, 19
60, 0, 1, 2, 3, 5, 6, 7, 8, 10, 18
60, 0, 1, 2, 3, 5, 6, 7, 8, 11, 17
60, 0, 1, 2, 3, 5, 6, 7, 8, 12, 16
60, 0, 1, 2, 3, 5, 6, 7, 8, 13, 15
60, 0, 1, 2, 3, 5, 6, 7, 9, 10, 17
60, 0, 1, 2, 3, 5, 6, 7, 9, 11, 16
60, 0, 1, 2, 3, 5, 6, 7, 9, 12, 15
60, 0, 1, 2, 3, 5, 6, 7, 9, 13, 14
60, 0, 1, 2, 3, 5, 6, 7, 10, 11, 15
60, 0, 1, 2, 3, 5, 6, 7, 10, 12, 14
60, 0, 1, 2, 3, 5, 6, 7, 11, 12, 13
60, 0, 1, 2, 3, 5, 6, 8, 9, 10, 16
60, 0, 1, 2, 3, 5, 6, 8, 9, 11, 15
60, 0, 1, 2, 3, 5, 6, 8, 9, 12, 14
60, 0, 1, 2, 3, 5, 6, 8, 10, 11, 14
60, 0, 1, 2, 3, 5, 6, 8, 10, 12, 13
60, 0, 1, 2, 3, 5, 6, 9, 10, 11, 13
60, 0, 1, 2, 3, 5, 7, 8, 9, 10, 15
60, 0, 1, 2, 3, 5, 7, 8, 9, 11, 14
60, 0, 1, 2, 3, 5, 7, 8, 9, 12, 13
60, 0, 1, 2, 3, 5, 7, 8, 10, 11, 13
60, 0, 1, 2, 3, 5, 7, 9, 10, 11, 12
60, 0, 1, 2, 3, 6, 7, 8, 9, 10, 14
60, 0, 1, 2, 3, 6, 7, 8, 9, 11, 13
60, 0, 1, 2, 3, 6, 7, 8, 10, 11, 12
60, 0, 1, 2, 4, 5, 6, 7, 8, 9, 18
60, 0, 1, 2, 4, 5, 6, 7, 8, 10, 17
60, 0, 1, 2, 4, 5, 6, 7, 8, 11, 16
60, 0, 1, 2, 4, 5, 6, 7, 8, 12, 15
60, 0, 1, 2, 4, 5, 6, 7, 8, 13, 14
60, 0, 1, 2, 4, 5, 6, 7, 9, 10, 16
60, 0, 1, 2, 4, 5, 6, 7, 9, 11, 15
60, 0, 1, 2, 4, 5, 6, 7, 9, 12, 14
60, 0, 1, 2, 4, 5, 6, 7, 10, 11, 14
60, 0, 1, 2, 4, 5, 6, 7, 10, 12, 13
60, 0, 1, 2, 4, 5, 6, 8, 9, 10, 15
60, 0, 1, 2, 4, 5, 6, 8, 9, 11, 14
60, 0, 1, 2, 4, 5, 6, 8, 9, 12, 13
60, 0, 1, 2, 4, 5, 6, 8, 10, 11, 13
60, 0, 1, 2, 4, 5, 6, 9, 10, 11, 12
60, 0, 1, 2, 4, 5, 7, 8, 9, 10, 14
60, 0, 1, 2, 4, 5, 7, 8, 9, 11, 13
60, 0, 1, 2, 4, 5, 7, 8, 10, 11, 12
60, 0, 1, 2, 4, 6, 7, 8, 9, 10, 13
60, 0, 1, 2, 4, 6, 7, 8, 9, 11, 12
60, 0, 1, 2, 5, 6, 7, 8, 9, 10, 12
60, 0, 1, 3, 4, 5, 6, 7, 8, 9, 17
60, 0, 1, 3, 4, 5, 6, 7, 8, 10, 16
60, 0, 1, 3, 4, 5, 6, 7, 8, 11, 15
60, 0, 1, 3, 4, 5, 6, 7, 8, 12, 14
60, 0, 1, 3, 4, 5, 6, 7, 9, 10, 15
60, 0, 1, 3, 4, 5, 6, 7, 9, 11, 14
60, 0, 1, 3, 4, 5, 6, 7, 9, 12, 13
60, 0, 1, 3, 4, 5, 6, 7, 10, 11, 13
60, 0, 1, 3, 4, 5, 6, 8, 9, 10, 14
60, 0, 1, 3, 4, 5, 6, 8, 9, 11, 13
60, 0, 1, 3, 4, 5, 6, 8, 10, 11, 12
60, 0, 1, 3, 4, 5, 7, 8, 9, 10, 13
60, 0, 1, 3, 4, 5, 7, 8, 9, 11, 12
60, 0, 1, 3, 4, 6, 7, 8, 9, 10, 12
60, 0, 1, 3, 5, 6, 7, 8, 9, 10, 11
60, 0, 2, 3, 4, 5, 6, 7, 8, 9, 16
60, 0, 2, 3, 4, 5, 6, 7, 8, 10, 15
60, 0, 2, 3, 4, 5, 6, 7, 8, 11, 14
60, 0, 2, 3, 4, 5, 6, 7, 8, 12, 13
60, 0, 2, 3, 4, 5, 6, 7, 9, 10, 14
60, 0, 2, 3, 4, 5, 6, 7, 9, 11, 13
60, 0, 2, 3, 4, 5, 6, 7, 10, 11, 12
60, 0, 2, 3, 4, 5, 6, 8, 9, 10, 13
60, 0, 2, 3, 4, 5, 6, 8, 9, 11, 12
60, 0, 2, 3, 4, 5, 7, 8, 9, 10, 12
60, 0, 2, 3, 4, 6, 7, 8, 9, 10, 11
60, 1, 2, 3, 4, 5, 6, 7, 8, 9, 15
60, 1, 2, 3, 4, 5, 6, 7, 8, 10, 14
60, 1, 2, 3, 4, 5, 6, 7, 8, 11, 13
60, 1, 2, 3, 4, 5, 6, 7, 9, 10, 13
60, 1, 2, 3, 4, 5, 6, 7, 9, 11, 12
60, 1, 2, 3, 4, 5, 6, 8, 9, 10, 12
60, 1, 2, 3, 4, 5, 7, 8, 9, 10, 11
61, 0, 1, 2, 3, 4, 5, 6, 7, 8, 25
61, 0, 1, 2, 3, 4, 5, 6, 7, 9, 24
61, 0, 1, 2, 3, 4, 5, 6, 7, 10, 23
61, 0, 1, 2, 3, 4, 5, 6, 7, 11, 22
61, 0, 1, 2, 3, 4, 5, 6, 7, 12, 21
61, 0, 1, 2, 3, 4, 5, 6, 7, 13, 20
61, 0, 1, 2, 3, 4, 5, 6, 7, 14, 19
61, 0, 1, 2, 3, 4, 5, 6, 7, 15, 18
61, 0, 1, 2, 3, 4, 5, 6, 7, 16, 17
61, 0, 1, 2, 3, 4, 5, 6, 8, 9, 23
61, 0, 1, 2, 3, 4, 5, 6, 8, 10, 22
61, 0, 1, 2, 3, 4, 5, 6, 8, 11, 21
61, 0, 1, 2, 3, 4, 5, 6, 8, 12, 20
61, 0, 1, 2, 3, 4, 5, 6, 8, 13, 19
61, 0, 1, 2, 3, 4, 5, 6, 8, 14, 18
61, 0, 1, 2, 3, 4, 5, 6, 8, 15, 17
61, 0, 1, 2, 3, 4, 5, 6, 9, 10, 21
61, 0, 1, 2, 3, 4, 5, 6, 9, 11, 20
61, 0, 1, 2, 3, 4, 5, 6, 9, 12, 19
61, 0, 1, 2, 3, 4, 5, 6, 9, 13, 18
61, 0, 1, 2, 3, 4, 5, 6, 9, 14, 17
61, 0, 1, 2, 3, 4, 5, 6, 9, 15, 16
61, 0, 1, 2, 3, 4, 5, 6, 10, 11, 19
61, 0, 1, 2, 3, 4, 5, 6, 10, 12, 18
61, 0, 1, 2, 3, 4, 5, 6, 10, 13, 17
61, 0, 1, 2, 3, 4, 5, 6, 10, 14, 16
61, 0, 1, 2, 3, 4, 5, 6, 11, 12, 17
61, 0, 1, 2, 3, 4, 5, 6, 11, 13, 16
61, 0, 1, 2, 3, 4, 5, 6, 11, 14, 15
61, 0, 1, 2, 3, 4, 5, 6, 12, 13, 15
61, 0, 1, 2, 3, 4, 5, 7, 8, 9, 22
61, 0, 1, 2, 3, 4, 5, 7, 8, 10, 21
61, 0, 1, 2, 3, 4, 5, 7, 8, 11, 20
61, 0, 1, 2, 3, 4, 5, 7, 8, 12, 19
61, 0, 1, 2, 3, 4, 5, 7, 8, 13, 18
61, 0, 1, 2, 3, 4, 5, 7, 8, 14, 17
61, 0, 1, 2, 3, 4, 5, 7, 8, 15, 16
61, 0, 1, 2, 3, 4, 5, 7, 9, 10, 20
61, 0, 1, 2, 3, 4, 5, 7, 9, 11, 19
61, 0, 1, 2, 3, 4, 5, 7, 9, 12, 18
61, 0, 1, 2, 3, 4, 5, 7, 9, 13, 17
61, 0, 1, 2, 3, 4, 5, 7, 9, 14, 16
61, 0, 1, 2, 3, 4, 5, 7, 10, 11, 18
61, 0, 1, 2, 3, 4, 5, 7, 10, 12, 17
61, 0, 1, 2, 3, 4, 5, 7, 10, 13, 16
61, 0, 1, 2, 3, 4, 5, 7, 10, 14, 15
61, 0, 1, 2, 3, 4, 5, 7, 11, 12, 16
61, 0, 1, 2, 3, 4, 5, 7, 11, 13, 15
61, 0, 1, 2, 3, 4, 5, 7, 12, 13, 14
61, 0, 1, 2, 3, 4, 5, 8, 9, 10, 19
61, 0, 1, 2, 3, 4, 5, 8, 9, 11, 18
61, 0, 1, 2, 3, 4, 5, 8, 9, 12, 17
61, 0, 1, 2, 3, 4, 5, 8, 9, 13, 16
61, 0, 1, 2, 3, 4, 5, 8, 9, 14, 15
61, 0, 1, 2, 3, 4, 5, 8, 10, 11, 17
61, 0, 1, 2, 3, 4, 5, 8, 10, 12, 16
61, 0, 1, 2, 3, 4, 5, 8, 10, 13, 15
61, 0, 1, 2, 3, 4, 5, 8, 11, 12, 15
61, 0, 1, 2, 3, 4, 5, 8, 11, 13, 14
61, 0, 1, 2, 3, 4, 5, 9, 10, 11, 16
61, 0, 1, 2, 3, 4, 5, 9, 10, 12, 15
61, 0, 1, 2, 3, 4, 5, 9, 10, 13, 14
61, 0, 1, 2, 3, 4, 5, 9, 11, 12, 14
61, 0, 1, 2, 3, 4, 5, 10, 11, 12, 13
61, 0, 1, 2, 3, 4, 6, 7, 8, 9, 21
61, 0, 1, 2, 3, 4, 6, 7, 8, 10, 20
61, 0, 1, 2, 3, 4, 6, 7, 8, 11, 19
61, 0, 1, 2, 3, 4, 6, 7, 8, 12, 18
61, 0, 1, 2, 3, 4, 6, 7, 8, 13, 17
61, 0, 1, 2, 3, 4, 6, 7, 8, 14, 16
61, 0, 1, 2, 3, 4, 6, 7, 9, 10, 19
61, 0, 1, 2, 3, 4, 6, 7, 9, 11, 18
61, 0, 1, 2, 3, 4, 6, 7, 9, 12, 17
61, 0, 1, 2, 3, 4, 6, 7, 9, 13, 16
61, 0, 1, 2, 3, 4, 6, 7, 9, 14, 15
61, 0, 1, 2, 3, 4, 6, 7, 10, 11, 17
61, 0, 1, 2, 3, 4, 6, 7, 10, 12, 16
61, 0, 1, 2, 3, 4, 6, 7, 10, 13, 15
61, 0, 1, 2, 3, 4, 6, 7, 11, 12, 15
61, 0, 1, 2, 3, 4, 6, 7, 11, 13, 14
61, 0, 1, 2, 3, 4, 6, 8, 9, 10, 18
61, 0, 1, 2, 3, 4, 6, 8, 9, 11, 17
61, 0, 1, 2, 3, 4, 6, 8, 9, 12, 16
61, 0, 1, 2, 3, 4, 6, 8, 9, 13, 15
61, 0, 1, 2, 3, 4, 6, 8, 10, 11, 16
61, 0, 1, 2, 3, 4, 6, 8, 10, 12, 15
61, 0, 1, 2, 3, 4, 6, 8, 10, 13, 14
61, 0, 1, 2, 3, 4, 6, 8, 11, 12, 14
61, 0, 1, 2, 3, 4, 6, 9, 10, 11, 15
61, 0, 1, 2, 3, 4, 6, 9, 10, 12, 14
61, 0, 1, 2, 3, 4, 6, 9, 11, 12, 13
61, 0, 1, 2, 3, 4, 7, 8, 9, 10, 17
61, 0, 1, 2, 3, 4, 7, 8, 9, 11, 16
61, 0, 1, 2, 3, 4, 7, 8, 9, 12, 15
61, 0, 1, 2, 3, 4, 7, 8, 9, 13, 14
61, 0, 1, 2, 3, 4, 7, 8, 10, 11, 15
61, 0, 1, 2, 3, 4, 7, 8, 10, 12, 14
61, 0, 1, 2, 3, 4, 7, 8, 11, 12, 13
61, 0, 1, 2, 3, 4, 7, 9, 10, 11, 14
61, 0, 1, 2, 3, 4, 7, 9, 10, 12, 13
61, 0, 1, 2, 3, 4, 8, 9, 10, 11, 13
61, 0, 1, 2, 3, 5, 6, 7, 8, 9, 20
61, 0, 1, 2, 3, 5, 6, 7, 8, 10, 19
61, 0, 1, 2, 3, 5, 6, 7, 8, 11, 18
61, 0, 1, 2, 3, 5, 6, 7, 8, 12, 17
61, 0, 1, 2, 3, 5, 6, 7, 8, 13, 16
61, 0, 1, 2, 3, 5, 6, 7, 8, 14, 15
61, 0, 1, 2, 3, 5, 6, 7, 9, 10, 18
61, 0, 1, 2, 3, 5, 6, 7, 9, 11, 17
61, 0, 1, 2, 3, 5, 6, 7, 9, 12, 16
61, 0, 1, 2, 3, 5, 6, 7, 9, 13, 15
61, 0, 1, 2, 3, 5, 6, 7, 10, 11, 16
61, 0, 1, 2, 3, 5, 6, 7, 10, 12, 15
61, 0, 1, 2, 3, 5, 6, 7, 10, 13, 14
61, 0, 1, 2, 3, 5, 6, 7, 11, 12, 14
61, 0, 1, 2, 3, 5, 6, 8, 9, 10, 17
61, 0, 1, 2, 3, 5, 6, 8, 9, 11, 16
61, 0, 1, 2, 3, 5, 6, 8, 9, 12, 15
61, 0, 1, 2, 3, 5, 6, 8, 9, 13, 14
61, 0, 1, 2, 3, 5, 6, 8, 10, 11, 15
61, 0, 1, 2, 3, 5, 6, 8, 10, 12, 14
61, 0, 1, 2, 3, 5, 6, 8, 11, 12, 13
61, 0, 1, 2, 3, 5, 6, 9, 10, 11, 14
61, 0, 1, 2, 3, 5, 6, 9, 10, 12, 13
61, 0, 1, 2, 3, 5, 7, 8, 9, 10, 16
61, 0, 1, 2, 3, 5, 7, 8, 9, 11, 15
61, 0, 1, 2, 3, 5, 7, 8, 9, 12, 14
61, 0, 1, 2, 3, 5, 7, 8, 10, 11, 14
61, 0, 1, 2, 3, 5, 7, 8, 10, 12, 13
61, 0, 1, 2, 3, 5, 7, 9, 10, 11, 13
61, 0, 1, 2, 3, 5, 8, 9, 10, 11, 12
61, 0, 1, 2, 3, 6, 7, 8, 9, 10, 15
61, 0, 1, 2, 3, 6, 7, 8, 9, 11, 14
61, 0, 1, 2, 3, 6, 7, 8, 9, 12, 13
61, 0, 1, 2, 3, 6, 7, 8, 10, 11, 13
61, 0, 1, 2, 3, 6, 7, 9, 10, 11, 12
61, 0, 1, 2, 4, 5, 6, 7, 8, 9, 19
61, 0, 1, 2, 4, 5, 6, 7, 8, 10, 18
61, 0, 1, 2, 4, 5, 6, 7, 8, 11, 17
61, 0, 1, 2, 4, 5, 6, 7, 8, 12, 16
61, 0, 1, 2, 4, 5, 6, 7, 8, 13, 15
61, 0, 1, 2, 4, 5, 6, 7, 9, 10, 17
61, 0, 1, 2, 4, 5, 6, 7, 9, 11, 16
61, 0, 1, 2, 4, 5, 6, 7, 9, 12, 15
61, 0, 1, 2, 4, 5, 6, 7, 9, 13, 14
61, 0, 1, 2, 4, 5, 6, 7, 10, 11, 15
61, 0, 1, 2, 4, 5, 6, 7, 10, 12, 14
61, 0, 1, 2, 4, 5, 6, 7, 11, 12, 13
61, 0, 1, 2, 4, 5, 6, 8, 9, 10, 16
61, 0, 1, 2, 4, 5, 6, 8, 9, 11, 15
61, 0, 1, 2, 4, 5, 6, 8, 9, 12, 14
61, 0, 1, 2, 4, 5, 6, 8, 10, 11, 14
61, 0, 1, 2, 4, 5, 6, 8, 10, 12, 13
61, 0, 1, 2, 4, 5, 6, 9, 10, 11, 13
61, 0, 1, 2, 4, 5, 7, 8, 9, 10, 15
61, 0, 1, 2, 4, 5, 7, 8, 9, 11, 14
61, 0, 1, 2, 4, 5, 7, 8, 9, 12, 13
61, 0, 1, 2, 4, 5, 7, 8, 10, 11, 13
61, 0, 1, 2, 4, 5, 7, 9, 10, 11, 12
61, 0, 1, 2, 4, 6, 7, 8, 9, 10, 14
61, 0, 1, 2, 4, 6, 7, 8, 9, 11, 13
61, 0, 1, 2, 4, 6, 7, 8, 10, 11, 12
61, 0, 1, 2, 5, 6, 7, 8, 9, 10, 13
61, 0, 1, 2, 5, 6, 7, 8, 9, 11, 12
61, 0, 1, 3, 4, 5, 6, 7, 8, 9, 18
61, 0, 1, 3, 4, 5, 6, 7, 8, 10, 17
61, 0, 1, 3, 4, 5, 6, 7, 8, 11, 16
61, 0, 1, 3, 4, 5, 6, 7, 8, 12, 15
61, 0, 1, 3, 4, 5, 6, 7, 8, 13, 14
61, 0, 1, 3, 4, 5, 6, 7, 9, 10, 16
61, 0, 1, 3, 4, 5, 6, 7, 9, 11, 15
61, 0, 1, 3, 4, 5, 6, 7, 9, 12, 14
61, 0, 1, 3, 4, 5, 6, 7, 10, 11, 14
61, 0, 1, 3, 4, 5, 6, 7, 10, 12, 13
61, 0, 1, 3, 4, 5, 6, 8, 9, 10, 15
61, 0, 1, 3, 4, 5, 6, 8, 9, 11, 14
61, 0, 1, 3, 4, 5, 6, 8, 9, 12, 13
61, 0, 1, 3, 4, 5, 6, 8, 10, 11, 13
61, 0, 1, 3, 4, 5, 6, 9, 10, 11, 12
61, 0, 1, 3, 4, 5, 7, 8, 9, 10, 14
61, 0, 1, 3, 4, 5, 7, 8, 9, 11, 13
61, 0, 1, 3, 4, 5, 7, 8, 10, 11, 12
61, 0, 1, 3, 4, 6, 7, 8, 9, 10, 13
61, 0, 1, 3, 4, 6, 7, 8, 9, 11, 12
61, 0, 1, 3, 5, 6, 7, 8, 9, 10, 12
61, 0, 1, 4, 5, 6, 7, 8, 9, 10, 11
61, 0, 2, 3, 4, 5, 6, 7, 8, 9, 17
61, 0, 2, 3, 4, 5, 6, 7, 8, 10, 16
61, 0, 2, 3, 4, 5, 6, 7, 8, 11, 15
61, 0, 2, 3, 4, 5, 6, 7, 8, 12, 14
61, 0, 2, 3, 4, 5, 6, 7, 9, 10, 15
61, 0, 2, 3, 4, 5, 6, 7, 9, 11, 14
61, 0, 2, 3, 4, 5, 6, 7, 9, 12, 13
61, 0, 2, 3, 4, 5, 6, 7, 10, 11, 13
61, 0, 2, 3, 4, 5, 6, 8, 9, 10, 14
61, 0, 2, 3, 4, 5, 6, 8, 9, 11, 13
61, 0, 2, 3, 4, 5, 6, 8, 10, 11, 12
61, 0, 2, 3, 4, 5, 7, 8, 9, 10, 13
61, 0, 2, 3, 4, 5, 7, 8, 9, 11, 12
61, 0, 2, 3, 4, 6, 7, 8, 9, 10, 12
61, 0, 2, 3, 5, 6, 7, 8, 9, 10, 11
61, 1, 2, 3, 4, 5, 6, 7, 8, 9, 16
61, 1, 2, 3, 4, 5, 6, 7, 8, 10, 15
61, 1, 2, 3, 4, 5, 6, 7, 8, 11, 14
61, 1, 2, 3, 4, 5, 6, 7, 8, 12, 13
61, 1, 2, 3, 4, 5, 6, 7, 9, 10, 14
61, 1, 2, 3, 4, 5, 6, 7, 9, 11, 13
61, 1, 2, 3, 4, 5, 6, 7, 10, 11, 12
61, 1, 2, 3, 4, 5, 6, 8, 9, 10, 13
61, 1, 2, 3, 4, 5, 6, 8, 9, 11, 12
61, 1, 2, 3, 4, 5, 7, 8, 9, 10, 12
61, 1, 2, 3, 4, 6, 7, 8, 9, 10, 11
62, 0, 1, 2, 3, 4, 5, 6, 7, 8, 26
62, 0, 1, 2, 3, 4, 5, 6, 7, 9, 25
62, 0, 1, 2, 3, 4, 5, 6, 7, 10, 24
62, 0, 1, 2, 3, 4, 5, 6, 7, 11, 23
62, 0, 1, 2, 3, 4, 5, 6, 7, 12, 22
62, 0, 1, 2, 3, 4, 5, 6, 7, 13, 21
62, 0, 1, 2, 3, 4, 5, 6, 7, 14, 20
62, 0, 1, 2, 3, 4, 5, 6, 7, 15, 19
62, 0, 1, 2, 3, 4, 5, 6, 7, 16, 18
62, 0, 1, 2, 3, 4, 5, 6, 8, 9, 24
62, 0, 1, 2, 3, 4, 5, 6, 8, 10, 23
62, 0, 1, 2, 3, 4, 5, 6, 8, 11, 22
62, 0, 1, 2, 3, 4, 5, 6, 8, 12, 21
62, 0, 1, 2, 3, 4, 5, 6, 8, 13, 20
62, 0, 1, 2, 3, 4, 5, 6, 8, 14, 19
62, 0, 1, 2, 3, 4, 5, 6, 8, 15, 18
62, 0, 1, 2, 3, 4, 5, 6, 8, 16, 17
62, 0, 1, 2, 3, 4, 5, 6, 9, 10, 22
62, 0, 1, 2, 3, 4, 5, 6, 9, 11, 21
62, 0, 1, 2, 3, 4, 5, 6, 9, 12, 20
62, 0, 1, 2, 3, 4, 5, 6, 9, 13, 19
62, 0, 1, 2, 3, 4, 5, 6, 9, 14, 18
62, 0, 1, 2, 3, 4, 5, 6, 9, 15, 17
62, 0, 1, 2, 3, 4, 5, 6, 10, 11, 20
62, 0, 1, 2, 3, 4, 5, 6, 10, 12, 19
62, 0, 1, 2, 3, 4, 5, 6, 10, 13, 18
62, 0, 1, 2, 3, 4, 5, 6, 10, 14, 17
62, 0, 1, 2, 3, 4, 5, 6, 10, 15, 16
62, 0, 1, 2, 3, 4, 5, 6, 11, 12, 18
62, 0, 1, 2, 3, 4, 5, 6, 11, 13, 17
62, 0, 1, 2, 3, 4, 5, 6, 11, 14, 16
62, 0, 1, 2, 3, 4, 5, 6, 12, 13, 16
62, 0, 1, 2, 3, 4, 5, 6, 12, 14, 15
62, 0, 1, 2, 3, 4, 5, 7, 8, 9, 23
62, 0, 1, 2, 3, 4, 5, 7, 8, 10, 22
62, 0, 1, 2, 3, 4, 5, 7, 8, 11, 21
62, 0, 1, 2, 3, 4, 5, 7, 8, 12, 20
62, 0, 1, 2, 3, 4, 5, 7, 8, 13, 19
62, 0, 1, 2, 3, 4, 5, 7, 8, 14, 18
62, 0, 1, 2, 3, 4, 5, 7, 8, 15, 17
62, 0, 1, 2, 3, 4, 5, 7, 9, 10, 21
62, 0, 1, 2, 3, 4, 5, 7, 9, 11, 20
62, 0, 1, 2, 3, 4, 5, 7, 9, 12, 19
62, 0, 1, 2, 3, 4, 5, 7, 9, 13, 18
62, 0, 1, 2, 3, 4, 5, 7, 9, 14, 17
62, 0, 1, 2, 3, 4, 5, 7, 9, 15, 16
62, 0, 1, 2, 3, 4, 5, 7, 10, 11, 19
62, 0, 1, 2, 3, 4, 5, 7, 10, 12, 18
62, 0, 1, 2, 3, 4, 5, 7, 10, 13, 17
62, 0, 1, 2, 3, 4, 5, 7, 10, 14, 16
62, 0, 1, 2, 3, 4, 5, 7, 11, 12, 17
62, 0, 1, 2, 3, 4, 5, 7, 11, 13, 16
62, 0, 1, 2, 3, 4, 5, 7, 11, 14, 15
62, 0, 1, 2, 3, 4, 5, 7, 12, 13, 15
62, 0, 1, 2, 3, 4, 5, 8, 9, 10, 20
62, 0, 1, 2, 3, 4, 5, 8, 9, 11, 19
62, 0, 1, 2, 3, 4, 5, 8, 9, 12, 18
62, 0, 1, 2, 3, 4, 5, 8, 9, 13, 17
62, 0, 1, 2, 3, 4, 5, 8, 9, 14, 16
62, 0, 1, 2, 3, 4, 5, 8, 10, 11, 18
62, 0, 1, 2, 3, 4, 5, 8, 10, 12, 17
62, 0, 1, 2, 3, 4, 5, 8, 10, 13, 16
62, 0, 1, 2, 3, 4, 5, 8, 10, 14, 15
62, 0, 1, 2, 3, 4, 5, 8, 11, 12, 16
62, 0, 1, 2, 3, 4, 5, 8, 11, 13, 15
62, 0, 1, 2, 3, 4, 5, 8, 12, 13, 14
62, 0, 1, 2, 3, 4, 5, 9, 10, 11, 17
62, 0, 1, 2, 3, 4, 5, 9, 10, 12, 16
62, 0, 1, 2, 3, 4, 5, 9, 10, 13, 15
62, 0, 1, 2, 3, 4, 5, 9, 11, 12, 15
62, 0, 1, 2, 3, 4, 5, 9, 11, 13, 14
62, 0, 1, 2, 3, 4, 5, 10, 11, 12, 14
62, 0, 1, 2, 3, 4, 6, 7, 8, 9, 22
62, 0, 1, 2, 3, 4, 6, 7, 8, 10, 21
62, 0, 1, 2, 3, 4, 6, 7, 8, 11, 20
62, 0, 1, 2, 3, 4, 6, 7, 8, 12, 19
62, 0, 1, 2, 3, 4, 6, 7, 8, 13, 18
62, 0, 1, 2, 3, 4, 6, 7, 8, 14, 17
62, 0, 1, 2, 3, 4, 6, 7, 8, 15, 16
62, 0, 1, 2, 3, 4, 6, 7, 9, 10, 20
62, 0, 1, 2, 3, 4, 6, 7, 9, 11, 19
62, 0, 1, 2, 3, 4, 6, 7, 9, 12, 18
62, 0, 1, 2, 3, 4, 6, 7, 9, 13, 17
62, 0, 1, 2, 3, 4, 6, 7, 9, 14, 16
62, 0, 1, 2, 3, 4, 6, 7, 10, 11, 18
62, 0, 1, 2, 3, 4, 6, 7, 10, 12, 17
62, 0, 1, 2, 3, 4, 6, 7, 10, 13, 16
62, 0, 1, 2, 3, 4, 6, 7, 10, 14, 15
62, 0, 1, 2, 3, 4, 6, 7, 11, 12, 16
62, 0, 1, 2, 3, 4, 6, 7, 11, 13, 15
62, 0, 1, 2, 3, 4, 6, 7, 12, 13, 14
62, 0, 1, 2, 3, 4, 6, 8, 9, 10, 19
62, 0, 1, 2, 3, 4, 6, 8, 9, 11, 18
62, 0, 1, 2, 3, 4, 6, 8, 9, 12, 17
62, 0, 1, 2, 3, 4, 6, 8, 9, 13, 16
62, 0, 1, 2, 3, 4, 6, 8, 9, 14, 15
62, 0, 1, 2, 3, 4, 6, 8, 10, 11, 17
62, 0, 1, 2, 3, 4, 6, 8, 10, 12, 16
62, 0, 1, 2, 3, 4, 6, 8, 10, 13, 15
62, 0, 1, 2, 3, 4, 6, 8, 11, 12, 15
62, 0, 1, 2, 3, 4, 6, 8, 11, 13, 14
62, 0, 1, 2, 3, 4, 6, 9, 10, 11, 16
62, 0, 1, 2, 3, 4, 6, 9, 10, 12, 15
62, 0, 1, 2, 3, 4, 6, 9, 10, 13, 14
62, 0, 1, 2, 3, 4, 6, 9, 11, 12, 14
62, 0, 1, 2, 3, 4, 6, 10, 11, 12, 13
62, 0, 1, 2, 3, 4, 7, 8, 9, 10, 18
62, 0, 1, 2, 3, 4, 7, 8, 9, 11, 17
62, 0, 1, 2, 3, 4, 7, 8, 9, 12, 16
62, 0, 1, 2, 3, 4, 7, 8, 9, 13, 15
62, 0, 1, 2, 3, 4, 7, 8, 10, 11, 16
62, 0, 1, 2, 3, 4, 7, 8, 10, 12, 15
62, 0, 1, 2, 3, 4, 7, 8, 10, 13, 14
62, 0, 1, 2, 3, 4, 7, 8, 11, 12, 14
62, 0, 1, 2, 3, 4, 7, 9, 10, 11, 15
62, 0, 1, 2, 3, 4, 7, 9, 10, 12, 14
62, 0, 1, 2, 3, 4, 7, 9, 11, 12, 13
62, 0, 1, 2, 3, 4, 8, 9, 10, 11, 14
62, 0, 1, 2, 3, 4, 8, 9, 10, 12, 13
62, 0, 1, 2, 3, 5, 6, 7, 8, 9, 21
62, 0, 1, 2, 3, 5, 6, 7, 8, 10, 20
62, 0, 1, 2, 3, 5, 6, 7, 8, 11, 19
62, 0, 1, 2, 3, 5, 6, 7, 8, 12, 18
62, 0, 1, 2, 3, 5, 6, 7, 8, 13, 17
62, 0, 1, 2, 3, 5, 6, 7, 8, 14, 16
62, 0, 1, 2, 3, 5, 6, 7, 9, 10, 19
62, 0, 1, 2, 3, 5, 6, 7, 9, 11, 18
62, 0, 1, 2, 3, 5, 6, 7, 9, 12, 17
62, 0, 1, 2, 3, 5, 6, 7, 9, 13, 16
62, 0, 1, 2, 3, 5, 6, 7, 9, 14, 15
62, 0, 1, 2, 3, 5, 6, 7, 10, 11, 17
62, 0, 1, 2, 3, 5, 6, 7, 10, 12, 16
62, 0, 1, 2, 3, 5, 6, 7, 10, 13, 15
62, 0, 1, 2, 3, 5, 6, 7, 11, 12, 15
62, 0, 1, 2, 3, 5, 6, 7, 11, 13, 14
62, 0, 1, 2, 3, 5, 6, 8, 9, 10, 18
62, 0, 1, 2, 3, 5, 6, 8, 9, 11, 17
62, 0, 1, 2, 3, 5, 6, 8, 9, 12, 16
62, 0, 1, 2, 3, 5, 6, 8, 9, 13, 15
62, 0, 1, 2, 3, 5, 6, 8, 10, 11, 16
62, 0, 1, 2, 3, 5, 6, 8, 10, 12, 15
62, 0, 1, 2, 3, 5, 6, 8, 10, 13, 14
62, 0, 1, 2, 3, 5, 6, 8, 11, 12, 14
62, 0, 1, 2, 3, 5, 6, 9, 10, 11, 15
62, 0, 1, 2, 3, 5, 6, 9, 10, 12, 14
62, 0, 1, 2, 3, 5, 6, 9, 11, 12, 13
62, 0, 1, 2, 3, 5, 7, 8, 9, 10, 17
62, 0, 1, 2, 3, 5, 7, 8, 9, 11, 16
62, 0, 1, 2, 3, 5, 7, 8, 9, 12, 15
62, 0, 1, 2, 3, 5, 7, 8, 9, 13, 14
62, 0, 1, 2, 3, 5, 7, 8, 10, 11, 15
62, 0, 1, 2, 3, 5, 7, 8, 10, 12, 14
62, 0, 1, 2, 3, 5, 7, 8, 11, 12, 13
62, 0, 1, 2, 3, 5, 7, 9, 10, 11, 14
62, 0, 1, 2, 3, 5, 7, 9, 10, 12, 13
62, 0, 1, 2, 3, 5, 8, 9, 10, 11, 13
62, 0, 1, 2, 3, 6, 7, 8, 9, 10, 16
62, 0, 1, 2, 3, 6, 7, 8, 9, 11, 15
62, 0, 1, 2, 3, 6, 7, 8, 9, 12, 14
62, 0, 1, 2, 3, 6, 7, 8, 10, 11, 14
62, 0, 1, 2, 3, 6, 7, 8, 10, 12, 13
62, 0, 1, 2, 3, 6, 7, 9, 10, 11, 13
62, 0, 1, 2, 3, 6, 8, 9, 10, 11, 12
62, 0, 1, 2, 4, 5, 6, 7, 8, 9, 20
62, 0, 1, 2, 4, 5, 6, 7, 8, 10, 19
62, 0, 1, 2, 4, 5, 6, 7, 8, 11, 18
62, 0, 1, 2, 4, 5, 6, 7, 8, 12, 17
62, 0, 1, 2, 4, 5, 6, 7, 8, 13, 16
62, 0, 1, 2, 4, 5, 6, 7, 8, 14, 15
62, 0, 1, 2, 4, 5, 6, 7, 9, 10, 18
62, 0, 1, 2, 4, 5, 6, 7, 9, 11, 17
62, 0, 1, 2, 4, 5, 6, 7, 9, 12, 16
62, 0, 1, 2, 4, 5, 6, 7, 9, 13, 15
62, 0, 1, 2, 4, 5, 6, 7, 10, 11, 16
62, 0, 1, 2, 4, 5, 6, 7, 10, 12, 15
62, 0, 1, 2, 4, 5, 6, 7, 10, 13, 14
62, 0, 1, 2, 4, 5, 6, 7, 11, 12, 14
62, 0, 1, 2, 4, 5, 6, 8, 9, 10, 17
62, 0, 1, 2, 4, 5, 6, 8, 9, 11, 16
62, 0, 1, 2, 4, 5, 6, 8, 9, 12, 15
62, 0, 1, 2, 4, 5, 6, 8, 9, 13, 14
62, 0, 1, 2, 4, 5, 6, 8, 10, 11, 15
62, 0, 1, 2, 4, 5, 6, 8, 10, 12, 14
62, 0, 1, 2, 4, 5, 6, 8, 11, 12, 13
62, 0, 1, 2, 4, 5, 6, 9, 10, 11, 14
62, 0, 1, 2, 4, 5, 6, 9, 10, 12, 13
62, 0, 1, 2, 4, 5, 7, 8, 9, 10, 16
62, 0, 1, 2, 4, 5, 7, 8, 9, 11, 15
62, 0, 1, 2, 4, 5, 7, 8, 9, 12, 14
62, 0, 1, 2, 4, 5, 7, 8, 10, 11, 14
62, 0, 1, 2, 4, 5, 7, 8, 10, 12, 13
62, 0, 1, 2, 4, 5, 7, 9, 10, 11, 13
62, 0, 1, 2, 4, 5, 8, 9, 10, 11, 12
62, 0, 1, 2, 4, 6, 7, 8, 9, 10, 15
62, 0, 1, 2, 4, 6, 7, 8, 9, 11, 14
62, 0, 1, 2, 4, 6, 7, 8, 9, 12, 13
62, 0, 1, 2, 4, 6, 7, 8, 10, 11, 13
62, 0, 1, 2, 4, 6, 7, 9, 10, 11, 12
62, 0, 1, 2, 5, 6, 7, 8, 9, 10, 14
62, 0, 1, 2, 5, 6, 7, 8, 9, 11, 13
62, 0, 1, 2, 5, 6, 7, 8, 10, 11, 12
62, 0, 1, 3, 4, 5, 6, 7, 8, 9, 19
62, 0, 1, 3, 4, 5, 6, 7, 8, 10, 18
62, 0, 1, 3, 4, 5, 6, 7, 8, 11, 17
62, 0, 1, 3, 4, 5, 6, 7, 8, 12, 16
62, 0, 1, 3, 4, 5, 6, 7, 8, 13, 15
62, 0, 1, 3, 4, 5, 6, 7, 9, 10, 17
62, 0, 1, 3, 4, 5, 6, 7, 9, 11, 16
62, 0, 1, 3, 4, 5, 6, 7, 9, 12, 15
62, 0, 1, 3, 4, 5, 6, 7, 9, 13, 14
62, 0, 1, 3, 4, 5, 6, 7, 10, 11, 15
62, 0, 1, 3, 4, 5, 6, 7, 10, 12, 14
62, 0, 1, 3, 4, 5, 6, 7, 11, 12, 13
62, 0, 1, 3, 4, 5, 6, 8, 9, 10, 16
62, 0, 1, 3, 4, 5, 6, 8, 9, 11, 15
62, 0, 1, 3, 4, 5, 6, 8, 9, 12, 14
62, 0, 1, 3, 4, 5, 6, 8, 10, 11, 14
62, 0, 1, 3, 4, 5, 6, 8, 10, 12, 13
62, 0, 1, 3, 4, 5, 6, 9, 10, 11, 13
62, 0, 1, 3, 4, 5, 7, 8, 9, 10, 15
62, 0, 1, 3, 4, 5, 7, 8, 9, 11, 14
62, 0, 1, 3, 4, 5, 7, 8, 9, 12, 13
62, 0, 1, 3, 4, 5, 7, 8, 10, 11, 13
62, 0, 1, 3, 4, 5, 7, 9, 10, 11, 12
62, 0, 1, 3, 4, 6, 7, 8, 9, 10, 14
62, 0, 1, 3, 4, 6, 7, 8, 9, 11, 13
62, 0, 1, 3, 4, 6, 7, 8, 10, 11, 12
62, 0, 1, 3, 5, 6, 7, 8, 9, 10, 13
62, 0, 1, 3, 5, 6, 7, 8, 9, 11, 12
62, 0, 1, 4, 5, 6, 7, 8, 9, 10, 12
62, 0, 2, 3, 4, 5, 6, 7, 8, 9, 18
62, 0, 2, 3, 4, 5, 6, 7, 8, 10, 17
62, 0, 2, 3, 4, 5, 6, 7, 8, 11, 16
62, 0, 2, 3, 4, 5, 6, 7, 8, 12, 15
62, 0, 2, 3, 4, 5, 6, 7, 8, 13, 14
62, 0, 2, 3, 4, 5, 6, 7, 9, 10, 16
62, 0, 2, 3, 4, 5, 6, 7, 9, 11, 15
62, 0, 2, 3, 4, 5, 6, 7, 9, 12, 14
62, 0, 2, 3, 4, 5, 6, 7, 10, 11, 14
62, 0, 2, 3, 4, 5, 6, 7, 10, 12, 13
62, 0, 2, 3, 4, 5, 6, 8, 9, 10, 15
62, 0, 2, 3, 4, 5, 6, 8, 9, 11, 14
62, 0, 2, 3, 4, 5, 6, 8, 9, 12, 13
62, 0, 2, 3, 4, 5, 6, 8, 10, 11, 13
62, 0, 2, 3, 4, 5, 6, 9, 10, 11, 12
62, 0, 2, 3, 4, 5, 7, 8, 9, 10, 14
62, 0, 2, 3, 4, 5, 7, 8, 9, 11, 13
62, 0, 2, 3, 4, 5, 7, 8, 10, 11, 12
62, 0, 2, 3, 4, 6, 7, 8, 9, 10, 13
62, 0, 2, 3, 4, 6, 7, 8, 9, 11, 12
62, 0, 2, 3, 5, 6, 7, 8, 9, 10, 12
62, 0, 2, 4, 5, 6, 7, 8, 9, 10, 11
62, 1, 2, 3, 4, 5, 6, 7, 8, 9, 17
62, 1, 2, 3, 4, 5, 6, 7, 8, 10, 16
62, 1, 2, 3, 4, 5, 6, 7, 8, 11, 15
62, 1, 2, 3, 4, 5, 6, 7, 8, 12, 14
62, 1, 2, 3, 4, 5, 6, 7, 9, 10, 15
62, 1, 2, 3, 4, 5, 6, 7, 9, 11, 14
62, 1, 2, 3, 4, 5, 6, 7, 9, 12, 13
62, 1, 2, 3, 4, 5, 6, 7, 10, 11, 13
62, 1, 2, 3, 4, 5, 6, 8, 9, 10, 14
62, 1, 2, 3, 4, 5, 6, 8, 9, 11, 13
62, 1, 2, 3, 4, 5, 6, 8, 10, 11, 12
62, 1, 2, 3, 4, 5, 7, 8, 9, 10, 13
62, 1, 2, 3, 4, 5, 7, 8, 9, 11, 12
62, 1, 2, 3, 4, 6, 7, 8, 9, 10, 12
62, 1, 2, 3, 5, 6, 7, 8, 9, 10, 11
63, 0, 1, 2, 3, 4, 5, 6, 7, 8, 27
63, 0, 1, 2, 3, 4, 5, 6, 7, 9, 26
63, 0, 1, 2, 3, 4, 5, 6, 7, 10, 25
63, 0, 1, 2, 3, 4, 5, 6, 7, 11, 24
63, 0, 1, 2, 3, 4, 5, 6, 7, 12, 23
63, 0, 1, 2, 3, 4, 5, 6, 7, 13, 22
63, 0, 1, 2, 3, 4, 5, 6, 7, 14, 21
63, 0, 1, 2, 3, 4, 5, 6, 7, 15, 20
63, 0, 1, 2, 3, 4, 5, 6, 7, 16, 19
63, 0, 1, 2, 3, 4, 5, 6, 7, 17, 18
63, 0, 1, 2, 3, 4, 5, 6, 8, 9, 25
63, 0, 1, 2, 3, 4, 5, 6, 8, 10, 24
63, 0, 1, 2, 3, 4, 5, 6, 8, 11, 23
63, 0, 1, 2, 3, 4, 5, 6, 8, 12, 22
63, 0, 1, 2, 3, 4, 5, 6, 8, 13, 21
63, 0, 1, 2, 3, 4, 5, 6, 8, 14, 20
63, 0, 1, 2, 3, 4, 5, 6, 8, 15, 19
63, 0, 1, 2, 3, 4, 5, 6, 8, 16, 18
63, 0, 1, 2, 3, 4, 5, 6, 9, 10, 23
63, 0, 1, 2, 3, 4, 5, 6, 9, 11, 22
63, 0, 1, 2, 3, 4, 5, 6, 9, 12, 21
63, 0, 1, 2, 3, 4, 5, 6, 9, 13, 20
63, 0, 1, 2, 3, 4, 5, 6, 9, 14, 19
63, 0, 1, 2, 3, 4, 5, 6, 9, 15, 18
63, 0, 1, 2, 3, 4, 5, 6, 9, 16, 17
63, 0, 1, 2, 3, 4, 5, 6, 10, 11, 21
63, 0, 1, 2, 3, 4, 5, 6, 10, 12, 20
63, 0, 1, 2, 3, 4, 5, 6, 10, 13, 19
63, 0, 1, 2, 3, 4, 5, 6, 10, 14, 18
63, 0, 1, 2, 3, 4, 5, 6, 10, 15, 17
63, 0, 1, 2, 3, 4, 5, 6, 11, 12, 19
63, 0, 1, 2, 3, 4, 5, 6, 11, 13, 18
63, 0, 1, 2, 3, 4, 5, 6, 11, 14, 17
63, 0, 1, 2, 3, 4, 5, 6, 11, 15, 16
63, 0, 1, 2, 3, 4, 5, 6, 12, 13, 17
63, 0, 1, 2, 3, 4, 5, 6, 12, 14, 16
63, 0, 1, 2, 3, 4, 5, 6, 13, 14, 15
63, 0, 1, 2, 3, 4, 5, 7, 8, 9, 24
63, 0, 1, 2, 3, 4, 5, 7, 8, 10, 23
63, 0, 1, 2, 3, 4, 5, 7, 8, 11, 22
63, 0, 1, 2, 3, 4, 5, 7, 8, 12, 21
63, 0, 1, 2, 3, 4, 5, 7, 8, 13, 20
63, 0, 1, 2, 3, 4, 5, 7, 8, 14, 19
63, 0, 1, 2, 3, 4, 5, 7, 8, 15, 18
63, 0, 1, 2, 3, 4, 5, 7, 8, 16, 17
63, 0, 1, 2, 3, 4, 5, 7, 9, 10, 22
63, 0, 1, 2, 3, 4, 5, 7, 9, 11, 21
63, 0, 1, 2, 3, 4, 5, 7, 9, 12, 20
63, 0, 1, 2, 3, 4, 5, 7, 9, 13, 19
63, 0, 1, 2, 3, 4, 5, 7, 9, 14, 18
63, 0, 1, 2, 3, 4, 5, 7, 9, 15, 17
63, 0, 1, 2, 3, 4, 5, 7, 10, 11, 20
63, 0, 1, 2, 3, 4, 5, 7, 10, 12, 19
63, 0, 1, 2, 3, 4, 5, 7, 10, 13, 18
63, 0, 1, 2, 3, 4, 5, 7, 10, 14, 17
63, 0, 1, 2, 3, 4, 5, 7, 10, 15, 16
63, 0, 1, 2, 3, 4, 5, 7, 11, 12, 18
63, 0, 1, 2, 3, 4, 5, 7, 11, 13, 17
63, 0, 1, 2, 3, 4, 5, 7, 11, 14, 16
63, 0, 1, 2, 3, 4, 5, 7, 12, 13, 16
63, 0, 1, 2, 3, 4, 5, 7, 12, 14, 15
63, 0, 1, 2, 3, 4, 5, 8, 9, 10, 21
63, 0, 1, 2, 3, 4, 5, 8, 9, 11, 20
63, 0, 1, 2, 3, 4, 5, 8, 9, 12, 19
63, 0, 1, 2, 3, 4, 5, 8, 9, 13, 18
63, 0, 1, 2, 3, 4, 5, 8, 9, 14, 17
63, 0, 1, 2, 3, 4, 5, 8, 9, 15, 16
63, 0, 1, 2, 3, 4, 5, 8, 10, 11, 19
63, 0, 1, 2, 3, 4, 5, 8, 10, 12, 18
63, 0, 1, 2, 3, 4, 5, 8, 10, 13, 17
63, 0, 1, 2, 3, 4, 5, 8, 10, 14, 16
63, 0, 1, 2, 3, 4, 5, 8, 11, 12, 17
63, 0, 1, 2, 3, 4, 5, 8, 11, 13, 16
63, 0, 1, 2, 3, 4, 5, 8, 11, 14, 15
63, 0, 1, 2, 3, 4, 5, 8, 12, 13, 15
63, 0, 1, 2, 3, 4, 5, 9, 10, 11, 18
63, 0, 1, 2, 3, 4, 5, 9, 10, 12, 17
63, 0, 1, 2, 3, 4, 5, 9, 10, 13, 16
63, 0, 1, 2, 3, 4, 5, 9, 10, 14, 15
63, 0, 1, 2, 3, 4, 5, 9, 11, 12, 16
63, 0, 1, 2, 3, 4, 5, 9, 11, 13, 15
63, 0, 1, 2, 3, 4, 5, 9, 12, 13, 14
63, 0, 1, 2, 3, 4, 5, 10, 11, 12, 15
63, 0, 1, 2, 3, 4, 5, 10, 11, 13, 14
63, 0, 1, 2, 3, 4, 6, 7, 8, 9, 23
63, 0, 1, 2, 3, 4, 6, 7, 8, 10, 22
63, 0, 1, 2, 3, 4, 6, 7, 8, 11, 21
63, 0, 1, 2, 3, 4, 6, 7, 8, 12, 20
63, 0, 1, 2, 3, 4, 6, 7, 8, 13, 19
63, 0, 1, 2, 3, 4, 6, 7, 8, 14, 18
63, 0, 1, 2, 3, 4, 6, 7, 8, 15, 17
63, 0, 1, 2, 3, 4, 6, 7, 9, 10, 21
63, 0, 1, 2, 3, 4, 6, 7, 9, 11, 20
63, 0, 1, 2, 3, 4, 6, 7, 9, 12, 19
63, 0, 1, 2, 3, 4, 6, 7, 9, 13, 18
63, 0, 1, 2, 3, 4, 6, 7, 9, 14, 17
63, 0, 1, 2, 3, 4, 6, 7, 9, 15, 16
63, 0, 1, 2, 3, 4, 6, 7, 10, 11, 19
63, 0, 1, 2, 3, 4, 6, 7, 10, 12, 18
63, 0, 1, 2, 3, 4, 6, 7, 10, 13, 17
63, 0, 1, 2, 3, 4, 6, 7, 10, 14, 16
63, 0, 1, 2, 3, 4, 6, 7, 11, 12, 17
63, 0, 1, 2, 3, 4, 6, 7, 11, 13, 16
63, 0, 1, 2, 3, 4, 6, 7, 11, 14, 15
63, 0, 1, 2, 3, 4, 6, 7, 12, 13, 15
63, 0, 1, 2, 3, 4, 6, 8, 9, 10, 20
63, 0, 1, 2, 3, 4, 6, 8, 9, 11, 19
63, 0, 1, 2, 3, 4, 6, 8, 9, 12, 18
63, 0, 1, 2, 3, 4, 6, 8, 9, 13, 17
63, 0, 1, 2, 3, 4, 6, 8, 9, 14, 16
63, 0, 1, 2, 3, 4, 6, 8, 10, 11, 18
63, 0, 1, 2, 3, 4, 6, 8, 10, 12, 17
63, 0, 1, 2, 3, 4, 6, 8, 10, 13, 16
63, 0, 1, 2, 3, 4, 6, 8, 10, 14, 15
63, 0, 1, 2, 3, 4, 6, 8, 11, 12, 16
63, 0, 1, 2, 3, 4, 6, 8, 11, 13, 15
63, 0, 1, 2, 3, 4, 6, 8, 12, 13, 14
63, 0, 1, 2, 3, 4, 6, 9, 10, 11, 17
63, 0, 1, 2, 3, 4, 6, 9, 10, 12, 16
63, 0, 1, 2, 3, 4, 6, 9, 10, 13, 15
63, 0, 1, 2, 3, 4, 6, 9, 11, 12, 15
63, 0, 1, 2, 3, 4, 6, 9, 11, 13, 14
63, 0, 1, 2, 3, 4, 6, 10, 11, 12, 14
63, 0, 1, 2, 3, 4, 7, 8, 9, 10, 19
63, 0, 1, 2, 3, 4, 7, 8, 9, 11, 18
63, 0, 1, 2, 3, 4, 7, 8, 9, 12, 17
63, 0, 1, 2, 3, 4, 7, 8, 9, 13, 16
63, 0, 1, 2, 3, 4, 7, 8, 9, 14, 15
63, 0, 1, 2, 3, 4, 7, 8, 10, 11, 17
63, 0, 1, 2, 3, 4, 7, 8, 10, 12, 16
63, 0, 1, 2, 3, 4, 7, 8, 10, 13, 15
63, 0, 1, 2, 3, 4, 7, 8, 11, 12, 15
63, 0, 1, 2, 3, 4, 7, 8, 11, 13, 14
63, 0, 1, 2, 3, 4, 7, 9, 10, 11, 16
63, 0, 1, 2, 3, 4, 7, 9, 10, 12, 15
63, 0, 1, 2, 3, 4, 7, 9, 10, 13, 14
63, 0, 1, 2, 3, 4, 7, 9, 11, 12, 14
63, 0, 1, 2, 3, 4, 7, 10, 11, 12, 13
63, 0, 1, 2, 3, 4, 8, 9, 10, 11, 15
63, 0, 1, 2, 3, 4, 8, 9, 10, 12, 14
63, 0, 1, 2, 3, 4, 8, 9, 11, 12, 13
63, 0, 1, 2, 3, 5, 6, 7, 8, 9, 22
63, 0, 1, 2, 3, 5, 6, 7, 8, 10, 21
63, 0, 1, 2, 3, 5, 6, 7, 8, 11, 20
63, 0, 1, 2, 3, 5, 6, 7, 8, 12, 19
63, 0, 1, 2, 3, 5, 6, 7, 8, 13, 18
63, 0, 1, 2, 3, 5, 6, 7, 8, 14, 17
63, 0, 1, 2, 3, 5, 6, 7, 8, 15, 16
63, 0, 1, 2, 3, 5, 6, 7, 9, 10, 20
63, 0, 1, 2, 3, 5, 6, 7, 9, 11, 19
63, 0, 1, 2, 3, 5, 6, 7, 9, 12, 18
63, 0, 1, 2, 3, 5, 6, 7, 9, 13, 17
63, 0, 1, 2, 3, 5, 6, 7, 9, 14, 16
63, 0, 1, 2, 3, 5, 6, 7, 10, 11, 18
63, 0, 1, 2, 3, 5, 6, 7, 10, 12, 17
63, 0, 1, 2, 3, 5, 6, 7, 10, 13, 16
63, 0, 1, 2, 3, 5, 6, 7, 10, 14, 15
63, 0, 1, 2, 3, 5, 6, 7, 11, 12, 16
63, 0, 1, 2, 3, 5, 6, 7, 11, 13, 15
63, 0, 1, 2, 3, 5, 6, 7, 12, 13, 14
63, 0, 1, 2, 3, 5, 6, 8, 9, 10, 19
63, 0, 1, 2, 3, 5, 6, 8, 9, 11, 18
63, 0, 1, 2, 3, 5, 6, 8, 9, 12, 17
63, 0, 1, 2, 3, 5, 6, 8, 9, 13, 16
63, 0, 1, 2, 3, 5, 6, 8, 9, 14, 15
63, 0, 1, 2, 3, 5, 6, 8, 10, 11, 17
63, 0, 1, 2, 3, 5, 6, 8, 10, 12, 16
63, 0, 1, 2, 3, 5, 6, 8, 10, 13, 15
63, 0, 1, 2, 3, 5, 6, 8, 11, 12, 15
63, 0, 1, 2, 3, 5, 6, 8, 11, 13, 14
63, 0, 1, 2, 3, 5, 6, 9, 10, 11, 16
63, 0, 1, 2, 3, 5, 6, 9, 10, 12, 15
63, 0, 1, 2, 3, 5, 6, 9, 10, 13, 14
63, 0, 1, 2, 3, 5, 6, 9, 11, 12, 14
63, 0, 1, 2, 3, 5, 6, 10, 11, 12, 13
63, 0, 1, 2, 3, 5, 7, 8, 9, 10, 18
63, 0, 1, 2, 3, 5, 7, 8, 9, 11, 17
63, 0, 1, 2, 3, 5, 7, 8, 9, 12, 16
63, 0, 1, 2, 3, 5, 7, 8, 9, 13, 15
63, 0, 1, 2, 3, 5, 7, 8, 10, 11, 16
63, 0, 1, 2, 3, 5, 7, 8, 10, 12, 15
63, 0, 1, 2, 3, 5, 7, 8, 10, 13, 14
63, 0, 1, 2, 3, 5, 7, 8, 11, 12, 14
63, 0, 1, 2, 3, 5, 7, 9, 10, 11, 15
63, 0, 1, 2, 3, 5, 7, 9, 10, 12, 14
63, 0, 1, 2, 3, 5, 7, 9, 11, 12, 13
63, 0, 1, 2, 3, 5, 8, 9, 10, 11, 14
63, 0, 1, 2, 3, 5, 8, 9, 10, 12, 13
63, 0, 1, 2, 3, 6, 7, 8, 9, 10, 17
63, 0, 1, 2, 3, 6, 7, 8, 9, 11, 16
63, 0, 1, 2, 3, 6, 7, 8, 9, 12, 15
63, 0, 1, 2, 3, 6, 7, 8, 9, 13, 14
63, 0, 1, 2, 3, 6, 7, 8, 10, 11, 15
63, 0, 1, 2, 3, 6, 7, 8, 10, 12, 14
63, 0, 1, 2, 3, 6, 7, 8, 11, 12, 13
63, 0, 1, 2, 3, 6, 7, 9, 10, 11, 14
63, 0, 1, 2, 3, 6, 7, 9, 10, 12, 13
63, 0, 1, 2, 3, 6, 8, 9, 10, 11, 13
63, 0, 1, 2, 3, 7, 8, 9, 10, 11, 12
63, 0, 1, 2, 4, 5, 6, 7, 8, 9, 21
63, 0, 1, 2, 4, 5, 6, 7, 8, 10, 20
63, 0, 1, 2, 4, 5, 6, 7, 8, 11, 19
63, 0, 1, 2, 4, 5, 6, 7, 8, 12, 18
63, 0, 1, 2, 4, 5, 6, 7, 8, 13, 17
63, 0, 1, 2, 4, 5, 6, 7, 8, 14, 16
63, 0, 1, 2, 4, 5, 6, 7, 9, 10, 19
63, 0, 1, 2, 4, 5, 6, 7, 9, 11, 18
63, 0, 1, 2, 4, 5, 6, 7, 9, 12, 17
63, 0, 1, 2, 4, 5, 6, 7, 9, 13, 16
63, 0, 1, 2, 4, 5, 6, 7, 9, 14, 15
63, 0, 1, 2, 4, 5, 6, 7, 10, 11, 17
63, 0, 1, 2, 4, 5, 6, 7, 10, 12, 16
63, 0, 1, 2, 4, 5, 6, 7, 10, 13, 15
63, 0, 1, 2, 4, 5, 6, 7, 11, 12, 15
63, 0, 1, 2, 4, 5, 6, 7, 11, 13, 14
63, 0, 1, 2, 4, 5, 6, 8, 9, 10, 18
63, 0, 1, 2, 4, 5, 6, 8, 9, 11, 17
63, 0, 1, 2, 4, 5, 6, 8, 9, 12, 16
63, 0, 1, 2, 4, 5, 6, 8, 9, 13, 15
63, 0, 1, 2, 4, 5, 6, 8, 10, 11, 16
63, 0, 1, 2, 4, 5, 6, 8, 10, 12, 15
63, 0, 1, 2, 4, 5, 6, 8, 10, 13, 14
63, 0, 1, 2, 4, 5, 6, 8, 11, 12, 14
63, 0, 1, 2, 4, 5, 6, 9, 10, 11, 15
63, 0, 1, 2, 4, 5, 6, 9, 10, 12, 14
63, 0, 1, 2, 4, 5, 6, 9, 11, 12, 13
63, 0, 1, 2, 4, 5, 7, 8, 9, 10, 17
63, 0, 1, 2, 4, 5, 7, 8, 9, 11, 16
63, 0, 1, 2, 4, 5, 7, 8, 9, 12, 15
63, 0, 1, 2, 4, 5, 7, 8, 9, 13, 14
63, 0, 1, 2, 4, 5, 7, 8, 10, 11, 15
63, 0, 1, 2, 4, 5, 7, 8, 10, 12, 14
63, 0, 1, 2, 4, 5, 7, 8, 11, 12, 13
63, 0, 1, 2, 4, 5, 7, 9, 10, 11, 14
63, 0, 1, 2, 4, 5, 7, 9, 10, 12, 13
63, 0, 1, 2, 4, 5, 8, 9, 10, 11, 13
63, 0, 1, 2, 4, 6, 7, 8, 9, 10, 16
63, 0, 1, 2, 4, 6, 7, 8, 9, 11, 15
63, 0, 1, 2, 4, 6, 7, 8, 9, 12, 14
63, 0, 1, 2, 4, 6, 7, 8, 10, 11, 14
63, 0, 1, 2, 4, 6, 7, 8, 10, 12, 13
63, 0, 1, 2, 4, 6, 7, 9, 10, 11, 13
63, 0, 1, 2, 4, 6, 8, 9, 10, 11, 12
63, 0, 1, 2, 5, 6, 7, 8, 9, 10, 15
63, 0, 1, 2, 5, 6, 7, 8, 9, 11, 14
63, 0, 1, 2, 5, 6, 7, 8, 9, 12, 13
63, 0, 1, 2, 5, 6, 7, 8, 10, 11, 13
63, 0, 1, 2, 5, 6, 7, 9, 10, 11, 12
63, 0, 1, 3, 4, 5, 6, 7, 8, 9, 20
63, 0, 1, 3, 4, 5, 6, 7, 8, 10, 19
63, 0, 1, 3, 4, 5, 6, 7, 8, 11, 18
63, 0, 1, 3, 4, 5, 6, 7, 8, 12, 17
63, 0, 1, 3, 4, 5, 6, 7, 8, 13, 16
63, 0, 1, 3, 4, 5, 6, 7, 8, 14, 15
63, 0, 1, 3, 4, 5, 6, 7, 9, 10, 18
63, 0, 1, 3, 4, 5, 6, 7, 9, 11, 17
63, 0, 1, 3, 4, 5, 6, 7, 9, 12, 16
63, 0, 1, 3, 4, 5, 6, 7, 9, 13, 15
63, 0, 1, 3, 4, 5, 6, 7, 10, 11, 16
63, 0, 1, 3, 4, 5, 6, 7, 10, 12, 15
63, 0, 1, 3, 4, 5, 6, 7, 10, 13, 14
63, 0, 1, 3, 4, 5, 6, 7, 11, 12, 14
63, 0, 1, 3, 4, 5, 6, 8, 9, 10, 17
63, 0, 1, 3, 4, 5, 6, 8, 9, 11, 16
63, 0, 1, 3, 4, 5, 6, 8, 9, 12, 15
63, 0, 1, 3, 4, 5, 6, 8, 9, 13, 14
63, 0, 1, 3, 4, 5, 6, 8, 10, 11, 15
63, 0, 1, 3, 4, 5, 6, 8, 10, 12, 14
63, 0, 1, 3, 4, 5, 6, 8, 11, 12, 13
63, 0, 1, 3, 4, 5, 6, 9, 10, 11, 14
63, 0, 1, 3, 4, 5, 6, 9, 10, 12, 13
63, 0, 1, 3, 4, 5, 7, 8, 9, 10, 16
63, 0, 1, 3, 4, 5, 7, 8, 9, 11, 15
63, 0, 1, 3, 4, 5, 7, 8, 9, 12, 14
63, 0, 1, 3, 4, 5, 7, 8, 10, 11, 14
63, 0, 1, 3, 4, 5, 7, 8, 10, 12, 13
63, 0, 1, 3, 4, 5, 7, 9, 10, 11, 13
63, 0, 1, 3, 4, 5, 8, 9, 10, 11, 12
63, 0, 1, 3, 4, 6, 7, 8, 9, 10, 15
63, 0, 1, 3, 4, 6, 7, 8, 9, 11, 14
63, 0, 1, 3, 4, 6, 7, 8, 9, 12, 13
63, 0, 1, 3, 4, 6, 7, 8, 10, 11, 13
63, 0, 1, 3, 4, 6, 7, 9, 10, 11, 12
63, 0, 1, 3, 5, 6, 7, 8, 9, 10, 14
63, 0, 1, 3, 5, 6, 7, 8, 9, 11, 13
63, 0, 1, 3, 5, 6, 7, 8, 10, 11, 12
63, 0, 1, 4, 5, 6, 7, 8, 9, 10, 13
63, 0, 1, 4, 5, 6, 7, 8, 9, 11, 12
63, 0, 2, 3, 4, 5, 6, 7, 8, 9, 19
63, 0, 2, 3, 4, 5, 6, 7, 8, 10, 18
63, 0, 2, 3, 4, 5, 6, 7, 8, 11, 17
63, 0, 2, 3, 4, 5, 6, 7, 8, 12, 16
63, 0, 2, 3, 4, 5, 6, 7, 8, 13, 15
63, 0, 2, 3, 4, 5, 6, 7, 9, 10, 17
63, 0, 2, 3, 4, 5, 6, 7, 9, 11, 16
63, 0, 2, 3, 4, 5, 6, 7, 9, 12, 15
63, 0, 2, 3, 4, 5, 6, 7, 9, 13, 14
63, 0, 2, 3, 4, 5, 6, 7, 10, 11, 15
63, 0, 2, 3, 4, 5, 6, 7, 10, 12, 14
63, 0, 2, 3, 4, 5, 6, 7, 11, 12, 13
63, 0, 2, 3, 4, 5, 6, 8, 9, 10, 16
63, 0, 2, 3, 4, 5, 6, 8, 9, 11, 15
63, 0, 2, 3, 4, 5, 6, 8, 9, 12, 14
63, 0, 2, 3, 4, 5, 6, 8, 10, 11, 14
63, 0, 2, 3, 4, 5, 6, 8, 10, 12, 13
63, 0, 2, 3, 4, 5, 6, 9, 10, 11, 13
63, 0, 2, 3, 4, 5, 7, 8, 9, 10, 15
63, 0, 2, 3, 4, 5, 7, 8, 9, 11, 14
63, 0, 2, 3, 4, 5, 7, 8, 9, 12, 13
63, 0, 2, 3, 4, 5, 7, 8, 10, 11, 13
63, 0, 2, 3, 4, 5, 7, 9, 10, 11, 12
63, 0, 2, 3, 4, 6, 7, 8, 9, 10, 14
63, 0, 2, 3, 4, 6, 7, 8, 9, 11, 13
63, 0, 2, 3, 4, 6, 7, 8, 10, 11, 12
63, 0, 2, 3, 5, 6, 7, 8, 9, 10, 13
63, 0, 2, 3, 5, 6, 7, 8, 9, 11, 12
63, 0, 2, 4, 5, 6, 7, 8, 9, 10, 12
63, 0, 3, 4, 5, 6, 7, 8, 9, 10, 11
63, 1, 2, 3, 4, 5, 6, 7, 8, 9, 18
63, 1, 2, 3, 4, 5, 6, 7, 8, 10, 17
63, 1, 2, 3, 4, 5, 6, 7, 8, 11, 16
63, 1, 2, 3, 4, 5, 6, 7, 8, 12, 15
63, 1, 2, 3, 4, 5, 6, 7, 8, 13, 14
63, 1, 2, 3, 4, 5, 6, 7, 9, 10, 16
63, 1, 2, 3, 4, 5, 6, 7, 9, 11, 15
63, 1, 2, 3, 4, 5, 6, 7, 9, 12, 14
63, 1, 2, 3, 4, 5, 6, 7, 10, 11, 14
63, 1, 2, 3, 4, 5, 6, 7, 10, 12, 13
63, 1, 2, 3, 4, 5, 6, 8, 9, 10, 15
63, 1, 2, 3, 4, 5, 6, 8, 9, 11, 14
63, 1, 2, 3, 4, 5, 6, 8, 9, 12, 13
63, 1, 2, 3, 4, 5, 6, 8, 10, 11, 13
63, 1, 2, 3, 4, 5, 6, 9, 10, 11, 12
63, 1, 2, 3, 4, 5, 7, 8, 9, 10, 14
63, 1, 2, 3, 4, 5, 7, 8, 9, 11, 13
63, 1, 2, 3, 4, 5, 7, 8, 10, 11, 12
63, 1, 2, 3, 4, 6, 7, 8, 9, 10, 13
63, 1, 2, 3, 4, 6, 7, 8, 9, 11, 12
63, 1, 2, 3, 5, 6, 7, 8, 9, 10, 12
63, 1, 2, 4, 5, 6, 7, 8, 9, 10, 11
64, 0, 1, 2, 3, 4, 5, 6, 7, 8, 28
64, 0, 1, 2, 3, 4, 5, 6, 7, 9, 27
64, 0, 1, 2, 3, 4, 5, 6, 7, 10, 26
64, 0, 1, 2, 3, 4, 5, 6, 7, 11, 25
64, 0, 1, 2, 3, 4, 5, 6, 7, 12, 24
64, 0, 1, 2, 3, 4, 5, 6, 7, 13, 23
64, 0, 1, 2, 3, 4, 5, 6, 7, 14, 22
64, 0, 1, 2, 3, 4, 5, 6, 7, 15, 21
64, 0, 1, 2, 3, 4, 5, 6, 7, 16, 20
64, 0, 1, 2, 3, 4, 5, 6, 7, 17, 19
64, 0, 1, 2, 3, 4, 5, 6, 8, 9, 26
64, 0, 1, 2, 3, 4, 5, 6, 8, 10, 25
64, 0, 1, 2, 3, 4, 5, 6, 8, 11, 24
64, 0, 1, 2, 3, 4, 5, 6, 8, 12, 23
64, 0, 1, 2, 3, 4, 5, 6, 8, 13, 22
64, 0, 1, 2, 3, 4, 5, 6, 8, 14, 21
64, 0, 1, 2, 3, 4, 5, 6, 8, 15, 20
64, 0, 1, 2, 3, 4, 5, 6, 8, 16, 19
64, 0, 1, 2, 3, 4, 5, 6, 8, 17, 18
64, 0, 1, 2, 3, 4, 5, 6, 9, 10, 24
64, 0, 1, 2, 3, 4, 5, 6, 9, 11, 23
64, 0, 1, 2, 3, 4, 5, 6, 9, 12, 22
64, 0, 1, 2, 3, 4, 5, 6, 9, 13, 21
64, 0, 1, 2, 3, 4, 5, 6, 9, 14, 20
64, 0, 1, 2, 3, 4, 5, 6, 9, 15, 19
64, 0, 1, 2, 3, 4, 5, 6, 9, 16, 18
64, 0, 1, 2, 3, 4, 5, 6, 10, 11, 22
64, 0, 1, 2, 3, 4, 5, 6, 10, 12, 21
64, 0, 1, 2, 3, 4, 5, 6, 10, 13, 20
64, 0, 1, 2, 3, 4, 5, 6, 10, 14, 19
64, 0, 1, 2, 3, 4, 5, 6, 10, 15, 18
64, 0, 1, 2, 3, 4, 5, 6, 10, 16, 17
64, 0, 1, 2, 3, 4, 5, 6, 11, 12, 20
64, 0, 1, 2, 3, 4, 5, 6, 11, 13, 19
64, 0, 1, 2, 3, 4, 5, 6, 11, 14, 18
64, 0, 1, 2, 3, 4, 5, 6, 11, 15, 17
64, 0, 1, 2, 3, 4, 5, 6, 12, 13, 18
64, 0, 1, 2, 3, 4, 5, 6, 12, 14, 17
64, 0, 1, 2, 3, 4, 5, 6, 12, 15, 16
64, 0, 1, 2, 3, 4, 5, 6, 13, 14, 16
64, 0, 1, 2, 3, 4, 5, 7, 8, 9, 25
64, 0, 1, 2, 3, 4, 5, 7, 8, 10, 24
64, 0, 1, 2, 3, 4, 5, 7, 8, 11, 23
64, 0, 1, 2, 3, 4, 5, 7, 8, 12, 22
64, 0, 1, 2, 3, 4, 5, 7, 8, 13, 21
64, 0, 1, 2, 3, 4, 5, 7, 8, 14, 20
64, 0, 1, 2, 3, 4, 5, 7, 8, 15, 19
64, 0, 1, 2, 3, 4, 5, 7, 8, 16, 18
64, 0, 1, 2, 3, 4, 5, 7, 9, 10, 23
64, 0, 1, 2, 3, 4, 5, 7, 9, 11, 22
64, 0, 1, 2, 3, 4, 5, 7, 9, 12, 21
64, 0, 1, 2, 3, 4, 5, 7, 9, 13, 20
64, 0, 1, 2, 3, 4, 5, 7, 9, 14, 19
64, 0, 1, 2, 3, 4, 5, 7, 9, 15, 18
64, 0, 1, 2, 3, 4, 5, 7, 9, 16, 17
64, 0, 1, 2, 3, 4, 5, 7, 10, 11, 21
64, 0, 1, 2, 3, 4, 5, 7, 10, 12, 20
64, 0, 1, 2, 3, 4, 5, 7, 10, 13, 19
64, 0, 1, 2, 3, 4, 5, 7, 10, 14, 18
64, 0, 1, 2, 3, 4, 5, 7, 10, 15, 17
64, 0, 1, 2, 3, 4, 5, 7, 11, 12, 19
64, 0, 1, 2, 3, 4, 5, 7, 11, 13, 18
64, 0, 1, 2, 3, 4, 5, 7, 11, 14, 17
64, 0, 1, 2, 3, 4, 5, 7, 11, 15, 16
64, 0, 1, 2, 3, 4, 5, 7, 12, 13, 17
64, 0, 1, 2, 3, 4, 5, 7, 12, 14, 16
64, 0, 1, 2, 3, 4, 5, 7, 13, 14, 15
64, 0, 1, 2, 3, 4, 5, 8, 9, 10, 22
64, 0, 1, 2, 3, 4, 5, 8, 9, 11, 21
64, 0, 1, 2, 3, 4, 5, 8, 9, 12, 20
64, 0, 1, 2, 3, 4, 5, 8, 9, 13, 19
64, 0, 1, 2, 3, 4, 5, 8, 9, 14, 18
64, 0, 1, 2, 3, 4, 5, 8, 9, 15, 17
64, 0, 1, 2, 3, 4, 5, 8, 10, 11, 20
64, 0, 1, 2, 3, 4, 5, 8, 10, 12, 19
64, 0, 1, 2, 3, 4, 5, 8, 10, 13, 18
64, 0, 1, 2, 3, 4, 5, 8, 10, 14, 17
64, 0, 1, 2, 3, 4, 5, 8, 10, 15, 16
64, 0, 1, 2, 3, 4, 5, 8, 11, 12, 18
64, 0, 1, 2, 3, 4, 5, 8, 11, 13, 17
64, 0, 1, 2, 3, 4, 5, 8, 11, 14, 16
64, 0, 1, 2, 3, 4, 5, 8, 12, 13, 16
64, 0, 1, 2, 3, 4, 5, 8, 12, 14, 15
64, 0, 1, 2, 3, 4, 5, 9, 10, 11, 19
64, 0, 1, 2, 3, 4, 5, 9, 10, 12, 18
64, 0, 1, 2, 3, 4, 5, 9, 10, 13, 17
64, 0, 1, 2, 3, 4, 5, 9, 10, 14, 16
64, 0, 1, 2, 3, 4, 5, 9, 11, 12, 17
64, 0, 1, 2, 3, 4, 5, 9, 11, 13, 16
64, 0, 1, 2, 3, 4, 5, 9, 11, 14, 15
64, 0, 1, 2, 3, 4, 5, 9, 12, 13, 15
64, 0, 1, 2, 3, 4, 5, 10, 11, 12, 16
64, 0, 1, 2, 3, 4, 5, 10, 11, 13, 15
64, 0, 1, 2, 3, 4, 5, 10, 12, 13, 14
64, 0, 1, 2, 3, 4, 6, 7, 8, 9, 24
64, 0, 1, 2, 3, 4, 6, 7, 8, 10, 23
64, 0, 1, 2, 3, 4, 6, 7, 8, 11, 22
64, 0, 1, 2, 3, 4, 6, 7, 8, 12, 21
64, 0, 1, 2, 3, 4, 6, 7, 8, 13, 20
64, 0, 1, 2, 3, 4, 6, 7, 8, 14, 19
64, 0, 1, 2, 3, 4, 6, 7, 8, 15, 18
64, 0, 1, 2, 3, 4, 6, 7, 8, 16, 17
64, 0, 1, 2, 3, 4, 6, 7, 9, 10, 22
64, 0, 1, 2, 3, 4, 6, 7, 9, 11, 21
64, 0, 1, 2, 3, 4, 6, 7, 9, 12, 20
64, 0, 1, 2, 3, 4, 6, 7, 9, 13, 19
64, 0, 1, 2, 3, 4, 6, 7, 9, 14, 18
64, 0, 1, 2, 3, 4, 6, 7, 9, 15, 17
64, 0, 1, 2, 3, 4, 6, 7, 10, 11, 20
64, 0, 1, 2, 3, 4, 6, 7, 10, 12, 19
64, 0, 1, 2, 3, 4, 6, 7, 10, 13, 18
64, 0, 1, 2, 3, 4, 6, 7, 10, 14, 17
64, 0, 1, 2, 3, 4, 6, 7, 10, 15, 16
64, 0, 1, 2, 3, 4, 6, 7, 11, 12, 18
64, 0, 1, 2, 3, 4, 6, 7, 11, 13, 17
64, 0, 1, 2, 3, 4, 6, 7, 11, 14, 16
64, 0, 1, 2, 3, 4, 6, 7, 12, 13, 16
64, 0, 1, 2, 3, 4, 6, 7, 12, 14, 15
64, 0, 1, 2, 3, 4, 6, 8, 9, 10, 21
64, 0, 1, 2, 3, 4, 6, 8, 9, 11, 20
64, 0, 1, 2, 3, 4, 6, 8, 9, 12, 19
64, 0, 1, 2, 3, 4, 6, 8, 9, 13, 18
64, 0, 1, 2, 3, 4, 6, 8, 9, 14, 17
64, 0, 1, 2, 3, 4, 6, 8, 9, 15, 16
64, 0, 1, 2, 3, 4, 6, 8, 10, 11, 19
64, 0, 1, 2, 3, 4, 6, 8, 10, 12, 18
64, 0, 1, 2, 3, 4, 6, 8, 10, 13, 17
64, 0, 1, 2, 3, 4, 6, 8, 10, 14, 16
64, 0, 1, 2, 3, 4, 6, 8, 11, 12, 17
64, 0, 1, 2, 3, 4, 6, 8, 11, 13, 16
64, 0, 1, 2, 3, 4, 6, 8, 11, 14, 15
64, 0, 1, 2, 3, 4, 6, 8, 12, 13, 15
64, 0, 1, 2, 3, 4, 6, 9, 10, 11, 18
64, 0, 1, 2, 3, 4, 6, 9, 10, 12, 17
64, 0, 1, 2, 3, 4, 6, 9, 10, 13, 16
64, 0, 1, 2, 3, 4, 6, 9, 10, 14, 15
64, 0, 1, 2, 3, 4, 6, 9, 11, 12, 16
64, 0, 1, 2, 3, 4, 6, 9, 11, 13, 15
64, 0, 1, 2, 3, 4, 6, 9, 12, 13, 14
64, 0, 1, 2, 3, 4, 6, 10, 11, 12, 15
64, 0, 1, 2, 3, 4, 6, 10, 11, 13, 14
64, 0, 1, 2, 3, 4, 7, 8, 9, 10, 20
64, 0, 1, 2, 3, 4, 7, 8, 9, 11, 19
64, 0, 1, 2, 3, 4, 7, 8, 9, 12, 18
64, 0, 1, 2, 3, 4, 7, 8, 9, 13, 17
64, 0, 1, 2, 3, 4, 7, 8, 9, 14, 16
64, 0, 1, 2, 3, 4, 7, 8, 10, 11, 18
64, 0, 1, 2, 3, 4, 7, 8, 10, 12, 17
64, 0, 1, 2, 3, 4, 7, 8, 10, 13, 16
64, 0, 1, 2, 3, 4, 7, 8, 10, 14, 15
64, 0, 1, 2, 3, 4, 7, 8, 11, 12, 16
64, 0, 1, 2, 3, 4, 7, 8, 11, 13, 15
64, 0, 1, 2, 3, 4, 7, 8, 12, 13, 14
64, 0, 1, 2, 3, 4, 7, 9, 10, 11, 17
64, 0, 1, 2, 3, 4, 7, 9, 10, 12, 16
64, 0, 1, 2, 3, 4, 7, 9, 10, 13, 15
64, 0, 1, 2, 3, 4, 7, 9, 11, 12, 15
64, 0, 1, 2, 3, 4, 7, 9, 11, 13, 14
64, 0, 1, 2, 3, 4, 7, 10, 11, 12, 14
64, 0, 1, 2, 3, 4, 8, 9, 10, 11, 16
64, 0, 1, 2, 3, 4, 8, 9, 10, 12, 15
64, 0, 1, 2, 3, 4, 8, 9, 10, 13, 14
64, 0, 1, 2, 3, 4, 8, 9, 11, 12, 14
64, 0, 1, 2, 3, 4, 8, 10, 11, 12, 13
64, 0, 1, 2, 3, 5, 6, 7, 8, 9, 23
64, 0, 1, 2, 3, 5, 6, 7, 8, 10, 22
64, 0, 1, 2, 3, 5, 6, 7, 8, 11, 21
64, 0, 1, 2, 3, 5, 6, 7, 8, 12, 20
64, 0, 1, 2, 3, 5, 6, 7, 8, 13, 19
64, 0, 1, 2, 3, 5, 6, 7, 8, 14, 18
64, 0, 1, 2, 3, 5, 6, 7, 8, 15, 17
64, 0, 1, 2, 3, 5, 6, 7, 9, 10, 21
64, 0, 1, 2, 3, 5, 6, 7, 9, 11, 20
64, 0, 1, 2, 3, 5, 6, 7, 9, 12, 19
64, 0, 1, 2, 3, 5, 6, 7, 9, 13, 18
64, 0, 1, 2, 3, 5, 6, 7, 9, 14, 17
64, 0, 1, 2, 3, 5, 6, 7, 9, 15, 16
64, 0, 1, 2, 3, 5, 6, 7, 10, 11, 19
64, 0, 1, 2, 3, 5, 6, 7, 10, 12, 18
64, 0, 1, 2, 3, 5, 6, 7, 10, 13, 17
64, 0, 1, 2, 3, 5, 6, 7, 10, 14, 16
64, 0, 1, 2, 3, 5, 6, 7, 11, 12, 17
64, 0, 1, 2, 3, 5, 6, 7, 11, 13, 16
64, 0, 1, 2, 3, 5, 6, 7, 11, 14, 15
64, 0, 1, 2, 3, 5, 6, 7, 12, 13, 15
64, 0, 1, 2, 3, 5, 6, 8, 9, 10, 20
64, 0, 1, 2, 3, 5, 6, 8, 9, 11, 19
64, 0, 1, 2, 3, 5, 6, 8, 9, 12, 18
64, 0, 1, 2, 3, 5, 6, 8, 9, 13, 17
64, 0, 1, 2, 3, 5, 6, 8, 9, 14, 16
64, 0, 1, 2, 3, 5, 6, 8, 10, 11, 18
64, 0, 1, 2, 3, 5, 6, 8, 10, 12, 17
64, 0, 1, 2, 3, 5, 6, 8, 10, 13, 16
64, 0, 1, 2, 3, 5, 6, 8, 10, 14, 15
64, 0, 1, 2, 3, 5, 6, 8, 11, 12, 16
64, 0, 1, 2, 3, 5, 6, 8, 11, 13, 15
64, 0, 1, 2, 3, 5, 6, 8, 12, 13, 14
64, 0, 1, 2, 3, 5, 6, 9, 10, 11, 17
64, 0, 1, 2, 3, 5, 6, 9, 10, 12, 16
64, 0, 1, 2, 3, 5, 6, 9, 10, 13, 15
64, 0, 1, 2, 3, 5, 6, 9, 11, 12, 15
64, 0, 1, 2, 3, 5, 6, 9, 11, 13, 14
64, 0, 1, 2, 3, 5, 6, 10, 11, 12, 14
64, 0, 1, 2, 3, 5, 7, 8, 9, 10, 19
64, 0, 1, 2, 3, 5, 7, 8, 9, 11, 18
64, 0, 1, 2, 3, 5, 7, 8, 9, 12, 17
64, 0, 1, 2, 3, 5, 7, 8, 9, 13, 16
64, 0, 1, 2, 3, 5, 7, 8, 9, 14, 15
64, 0, 1, 2, 3, 5, 7, 8, 10, 11, 17
64, 0, 1, 2, 3, 5, 7, 8, 10, 12, 16
64, 0, 1, 2, 3, 5, 7, 8, 10, 13, 15
64, 0, 1, 2, 3, 5, 7, 8, 11, 12, 15
64, 0, 1, 2, 3, 5, 7, 8, 11, 13, 14
64, 0, 1, 2, 3, 5, 7, 9, 10, 11, 16
64, 0, 1, 2, 3, 5, 7, 9, 10, 12, 15
64, 0, 1, 2, 3, 5, 7, 9, 10, 13, 14
64, 0, 1, 2, 3, 5, 7, 9, 11, 12, 14
64, 0, 1, 2, 3, 5, 7, 10, 11, 12, 13
64, 0, 1, 2, 3, 5, 8, 9, 10, 11, 15
64, 0, 1, 2, 3, 5, 8, 9, 10, 12, 14
64, 0, 1, 2, 3, 5, 8, 9, 11, 12, 13
64, 0, 1, 2, 3, 6, 7, 8, 9, 10, 18
64, 0, 1, 2, 3, 6, 7, 8, 9, 11, 17
64, 0, 1, 2, 3, 6, 7, 8, 9, 12, 16
64, 0, 1, 2, 3, 6, 7, 8, 9, 13, 15
64, 0, 1, 2, 3, 6, 7, 8, 10, 11, 16
64, 0, 1, 2, 3, 6, 7, 8, 10, 12, 15
64, 0, 1, 2, 3, 6, 7, 8, 10, 13, 14
64, 0, 1, 2, 3, 6, 7, 8, 11, 12, 14
64, 0, 1, 2, 3, 6, 7, 9, 10, 11, 15
64, 0, 1, 2, 3, 6, 7, 9, 10, 12, 14
64, 0, 1, 2, 3, 6, 7, 9, 11, 12, 13
64, 0, 1, 2, 3, 6, 8, 9, 10, 11, 14
64, 0, 1, 2, 3, 6, 8, 9, 10, 12, 13
64, 0, 1, 2, 3, 7, 8, 9, 10, 11, 13
64, 0, 1, 2, 4, 5, 6, 7, 8, 9, 22
64, 0, 1, 2, 4, 5, 6, 7, 8, 10, 21
64, 0, 1, 2, 4, 5, 6, 7, 8, 11, 20
64, 0, 1, 2, 4, 5, 6, 7, 8, 12, 19
64, 0, 1, 2, 4, 5, 6, 7, 8, 13, 18
64, 0, 1, 2, 4, 5, 6, 7, 8, 14, 17
64, 0, 1, 2, 4, 5, 6, 7, 8, 15, 16
64, 0, 1, 2, 4, 5, 6, 7, 9, 10, 20
64, 0, 1, 2, 4, 5, 6, 7, 9, 11, 19
64, 0, 1, 2, 4, 5, 6, 7, 9, 12, 18
64, 0, 1, 2, 4, 5, 6, 7, 9, 13, 17
64, 0, 1, 2, 4, 5, 6, 7, 9, 14, 16
64, 0, 1, 2, 4, 5, 6, 7, 10, 11, 18
64, 0, 1, 2, 4, 5, 6, 7, 10, 12, 17
64, 0, 1, 2, 4, 5, 6, 7, 10, 13, 16
64, 0, 1, 2, 4, 5, 6, 7, 10, 14, 15
64, 0, 1, 2, 4, 5, 6, 7, 11, 12, 16
64, 0, 1, 2, 4, 5, 6, 7, 11, 13, 15
64, 0, 1, 2, 4, 5, 6, 7, 12, 13, 14
64, 0, 1, 2, 4, 5, 6, 8, 9, 10, 19
64, 0, 1, 2, 4, 5, 6, 8, 9, 11, 18
64, 0, 1, 2, 4, 5, 6, 8, 9, 12, 17
64, 0, 1, 2, 4, 5, 6, 8, 9, 13, 16
64, 0, 1, 2, 4, 5, 6, 8, 9, 14, 15
64, 0, 1, 2, 4, 5, 6, 8, 10, 11, 17
64, 0, 1, 2, 4, 5, 6, 8, 10, 12, 16
64, 0, 1, 2, 4, 5, 6, 8, 10, 13, 15
64, 0, 1, 2, 4, 5, 6, 8, 11, 12, 15
64, 0, 1, 2, 4, 5, 6, 8, 11, 13, 14
64, 0, 1, 2, 4, 5, 6, 9, 10, 11, 16
64, 0, 1, 2, 4, 5, 6, 9, 10, 12, 15
64, 0, 1, 2, 4, 5, 6, 9, 10, 13, 14
64, 0, 1, 2, 4, 5, 6, 9, 11, 12, 14
64, 0, 1, 2, 4, 5, 6, 10, 11, 12, 13
64, 0, 1, 2, 4, 5, 7, 8, 9, 10, 18
64, 0, 1, 2, 4, 5, 7, 8, 9, 11, 17
64, 0, 1, 2, 4, 5, 7, 8, 9, 12, 16
64, 0, 1, 2, 4, 5, 7, 8, 9, 13, 15
64, 0, 1, 2, 4, 5, 7, 8, 10, 11, 16
64, 0, 1, 2, 4, 5, 7, 8, 10, 12, 15
64, 0, 1, 2, 4, 5, 7, 8, 10, 13, 14
64, 0, 1, 2, 4, 5, 7, 8, 11, 12, 14
64, 0, 1, 2, 4, 5, 7, 9, 10, 11, 15
64, 0, 1, 2, 4, 5, 7, 9, 10, 12, 14
64, 0, 1, 2, 4, 5, 7, 9, 11, 12, 13
64, 0, 1, 2, 4, 5, 8, 9, 10, 11, 14
64, 0, 1, 2, 4, 5, 8, 9, 10, 12, 13
64, 0, 1, 2, 4, 6, 7, 8, 9, 10, 17
64, 0, 1, 2, 4, 6, 7, 8, 9, 11, 16
64, 0, 1, 2, 4, 6, 7, 8, 9, 12, 15
64, 0, 1, 2, 4, 6, 7, 8, 9, 13, 14
64, 0, 1, 2, 4, 6, 7, 8, 10, 11, 15
64, 0, 1, 2, 4, 6, 7, 8, 10, 12, 14
64, 0, 1, 2, 4, 6, 7, 8, 11, 12, 13
64, 0, 1, 2, 4, 6, 7, 9, 10, 11, 14
64, 0, 1, 2, 4, 6, 7, 9, 10, 12, 13
64, 0, 1, 2, 4, 6, 8, 9, 10, 11, 13
64, 0, 1, 2, 4, 7, 8, 9, 10, 11, 12
64, 0, 1, 2, 5, 6, 7, 8, 9, 10, 16
64, 0, 1, 2, 5, 6, 7, 8, 9, 11, 15
64, 0, 1, 2, 5, 6, 7, 8, 9, 12, 14
64, 0, 1, 2, 5, 6, 7, 8, 10, 11, 14
64, 0, 1, 2, 5, 6, 7, 8, 10, 12, 13
64, 0, 1, 2, 5, 6, 7, 9, 10, 11, 13
64, 0, 1, 2, 5, 6, 8, 9, 10, 11, 12
64, 0, 1, 3, 4, 5, 6, 7, 8, 9, 21
64, 0, 1, 3, 4, 5, 6, 7, 8, 10, 20
64, 0, 1, 3, 4, 5, 6, 7, 8, 11, 19
64, 0, 1, 3, 4, 5, 6, 7, 8, 12, 18
64, 0, 1, 3, 4, 5, 6, 7, 8, 13, 17
64, 0, 1, 3, 4, 5, 6, 7, 8, 14, 16
64, 0, 1, 3, 4, 5, 6, 7, 9, 10, 19
64, 0, 1, 3, 4, 5, 6, 7, 9, 11, 18
64, 0, 1, 3, 4, 5, 6, 7, 9, 12, 17
64, 0, 1, 3, 4, 5, 6, 7, 9, 13, 16
64, 0, 1, 3, 4, 5, 6, 7, 9, 14, 15
64, 0, 1, 3, 4, 5, 6, 7, 10, 11, 17
64, 0, 1, 3, 4, 5, 6, 7, 10, 12, 16
64, 0, 1, 3, 4, 5, 6, 7, 10, 13, 15
64, 0, 1, 3, 4, 5, 6, 7, 11, 12, 15
64, 0, 1, 3, 4, 5, 6, 7, 11, 13, 14
64, 0, 1, 3, 4, 5, 6, 8, 9, 10, 18
64, 0, 1, 3, 4, 5, 6, 8, 9, 11, 17
64, 0, 1, 3, 4, 5, 6, 8, 9, 12, 16
64, 0, 1, 3, 4, 5, 6, 8, 9, 13, 15
64, 0, 1, 3, 4, 5, 6, 8, 10, 11, 16
64, 0, 1, 3, 4, 5, 6, 8, 10, 12, 15
64, 0, 1, 3, 4, 5, 6, 8, 10, 13, 14
64, 0, 1, 3, 4, 5, 6, 8, 11, 12, 14
64, 0, 1, 3, 4, 5, 6, 9, 10, 11, 15
64, 0, 1, 3, 4, 5, 6, 9, 10, 12, 14
64, 0, 1, 3, 4, 5, 6, 9, 11, 12, 13
64, 0, 1, 3, 4, 5, 7, 8, 9, 10, 17
64, 0, 1, 3, 4, 5, 7, 8, 9, 11, 16
64, 0, 1, 3, 4, 5, 7, 8, 9, 12, 15
64, 0, 1, 3, 4, 5, 7, 8, 9, 13, 14
64, 0, 1, 3, 4, 5, 7, 8, 10, 11, 15
64, 0, 1, 3, 4, 5, 7, 8, 10, 12, 14
64, 0, 1, 3, 4, 5, 7, 8, 11, 12, 13
64, 0, 1, 3, 4, 5, 7, 9, 10, 11, 14
64, 0, 1, 3, 4, 5, 7, 9, 10, 12, 13
64, 0, 1, 3, 4, 5, 8, 9, 10, 11, 13
64, 0, 1, 3, 4, 6, 7, 8, 9, 10, 16
64, 0, 1, 3, 4, 6, 7, 8, 9, 11, 15
64, 0, 1, 3, 4, 6, 7, 8, 9, 12, 14
64, 0, 1, 3, 4, 6, 7, 8, 10, 11, 14
64, 0, 1, 3, 4, 6, 7, 8, 10, 12, 13
64, 0, 1, 3, 4, 6, 7, 9, 10, 11, 13
64, 0, 1, 3, 4, 6, 8, 9, 10, 11, 12
64, 0, 1, 3, 5, 6, 7, 8, 9, 10, 15
64, 0, 1, 3, 5, 6, 7, 8, 9, 11, 14
64, 0, 1, 3, 5, 6, 7, 8, 9, 12, 13
64, 0, 1, 3, 5, 6, 7, 8, 10, 11, 13
64, 0, 1, 3, 5, 6, 7, 9, 10, 11, 12
64, 0, 1, 4, 5, 6, 7, 8, 9, 10, 14
64, 0, 1, 4, 5, 6, 7, 8, 9, 11, 13
64, 0, 1, 4, 5, 6, 7, 8, 10, 11, 12
64, 0, 2, 3, 4, 5, 6, 7, 8, 9, 20
64, 0, 2, 3, 4, 5, 6, 7, 8, 10, 19
64, 0, 2, 3, 4, 5, 6, 7, 8, 11, 18
64, 0, 2, 3, 4, 5, 6, 7, 8, 12, 17
64, 0, 2, 3, 4, 5, 6, 7, 8, 13, 16
64, 0, 2, 3, 4, 5, 6, 7, 8, 14, 15
64, 0, 2, 3, 4, 5, 6, 7, 9, 10, 18
64, 0, 2, 3, 4, 5, 6, 7, 9, 11, 17
64, 0, 2, 3, 4, 5, 6, 7, 9, 12, 16
64, 0, 2, 3, 4, 5, 6, 7, 9, 13, 15
64, 0, 2, 3, 4, 5, 6, 7, 10, 11, 16
64, 0, 2, 3, 4, 5, 6, 7, 10, 12, 15
64, 0, 2, 3, 4, 5, 6, 7, 10, 13, 14
64, 0, 2, 3, 4, 5, 6, 7, 11, 12, 14
64, 0, 2, 3, 4, 5, 6, 8, 9, 10, 17
64, 0, 2, 3, 4, 5, 6, 8, 9, 11, 16
64, 0, 2, 3, 4, 5, 6, 8, 9, 12, 15
64, 0, 2, 3, 4, 5, 6, 8, 9, 13, 14
64, 0, 2, 3, 4, 5, 6, 8, 10, 11, 15
64, 0, 2, 3, 4, 5, 6, 8, 10, 12, 14
64, 0, 2, 3, 4, 5, 6, 8, 11, 12, 13
64, 0, 2, 3, 4, 5, 6, 9, 10, 11, 14
64, 0, 2, 3, 4, 5, 6, 9, 10, 12, 13
64, 0, 2, 3, 4, 5, 7, 8, 9, 10, 16
64, 0, 2, 3, 4, 5, 7, 8, 9, 11, 15
64, 0, 2, 3, 4, 5, 7, 8, 9, 12, 14
64, 0, 2, 3, 4, 5, 7, 8, 10, 11, 14
64, 0, 2, 3, 4, 5, 7, 8, 10, 12, 13
64, 0, 2, 3, 4, 5, 7, 9, 10, 11, 13
64, 0, 2, 3, 4, 5, 8, 9, 10, 11, 12
64, 0, 2, 3, 4, 6, 7, 8, 9, 10, 15
64, 0, 2, 3, 4, 6, 7, 8, 9, 11, 14
64, 0, 2, 3, 4, 6, 7, 8, 9, 12, 13
64, 0, 2, 3, 4, 6, 7, 8, 10, 11, 13
64, 0, 2, 3, 4, 6, 7, 9, 10, 11, 12
64, 0, 2, 3, 5, 6, 7, 8, 9, 10, 14
64, 0, 2, 3, 5, 6, 7, 8, 9, 11, 13
64, 0, 2, 3, 5, 6, 7, 8, 10, 11, 12
64, 0, 2, 4, 5, 6, 7, 8, 9, 10, 13
64, 0, 2, 4, 5, 6, 7, 8, 9, 11, 12
64, 0, 3, 4, 5, 6, 7, 8, 9, 10, 12
64, 1, 2, 3, 4, 5, 6, 7, 8, 9, 19
64, 1, 2, 3, 4, 5, 6, 7, 8, 10, 18
64, 1, 2, 3, 4, 5, 6, 7, 8, 11, 17
64, 1, 2, 3, 4, 5, 6, 7, 8, 12, 16
64, 1, 2, 3, 4, 5, 6, 7, 8, 13, 15
64, 1, 2, 3, 4, 5, 6, 7, 9, 10, 17
64, 1, 2, 3, 4, 5, 6, 7, 9, 11, 16
64, 1, 2, 3, 4, 5, 6, 7, 9, 12, 15
64, 1, 2, 3, 4, 5, 6, 7, 9, 13, 14
64, 1, 2, 3, 4, 5, 6, 7, 10, 11, 15
64, 1, 2, 3, 4, 5, 6, 7, 10, 12, 14
64, 1, 2, 3, 4, 5, 6, 7, 11, 12, 13
64, 1, 2, 3, 4, 5, 6, 8, 9, 10, 16
64, 1, 2, 3, 4, 5, 6, 8, 9, 11, 15
64, 1, 2, 3, 4, 5, 6, 8, 9, 12, 14
64, 1, 2, 3, 4, 5, 6, 8, 10, 11, 14
64, 1, 2, 3, 4, 5, 6, 8, 10, 12, 13
64, 1, 2, 3, 4, 5, 6, 9, 10, 11, 13
64, 1, 2, 3, 4, 5, 7, 8, 9, 10, 15
64, 1, 2, 3, 4, 5, 7, 8, 9, 11, 14
64, 1, 2, 3, 4, 5, 7, 8, 9, 12, 13
64, 1, 2, 3, 4, 5, 7, 8, 10, 11, 13
64, 1, 2, 3, 4, 5, 7, 9, 10, 11, 12
64, 1, 2, 3, 4, 6, 7, 8, 9, 10, 14
64, 1, 2, 3, 4, 6, 7, 8, 9, 11, 13
64, 1, 2, 3, 4, 6, 7, 8, 10, 11, 12
64, 1, 2, 3, 5, 6, 7, 8, 9, 10, 13
64, 1, 2, 3, 5, 6, 7, 8, 9, 11, 12
64, 1, 2, 4, 5, 6, 7, 8, 9, 10, 12
64, 1, 3, 4, 5, 6, 7, 8, 9, 10, 11
65, 0, 1, 2, 3, 4, 5, 6, 7, 8, 29
65, 0, 1, 2, 3, 4, 5, 6, 7, 9, 28
65, 0, 1, 2, 3, 4, 5, 6, 7, 10, 27
65, 0, 1, 2, 3, 4, 5, 6, 7, 11, 26
65, 0, 1, 2, 3, 4, 5, 6, 7, 12, 25
65, 0, 1, 2, 3, 4, 5, 6, 7, 13, 24
65, 0, 1, 2, 3, 4, 5, 6, 7, 14, 23
65, 0, 1, 2, 3, 4, 5, 6, 7, 15, 22
65, 0, 1, 2, 3, 4, 5, 6, 7, 16, 21
65, 0, 1, 2, 3, 4, 5, 6, 7, 17, 20
65, 0, 1, 2, 3, 4, 5, 6, 7, 18, 19
65, 0, 1, 2, 3, 4, 5, 6, 8, 9, 27
65, 0, 1, 2, 3, 4, 5, 6, 8, 10, 26
65, 0, 1, 2, 3, 4, 5, 6, 8, 11, 25
65, 0, 1, 2, 3, 4, 5, 6, 8, 12, 24
65, 0, 1, 2, 3, 4, 5, 6, 8, 13, 23
65, 0, 1, 2, 3, 4, 5, 6, 8, 14, 22
65, 0, 1, 2, 3, 4, 5, 6, 8, 15, 21
65, 0, 1, 2, 3, 4, 5, 6, 8, 16, 20
65, 0, 1, 2, 3, 4, 5, 6, 8, 17, 19
65, 0, 1, 2, 3, 4, 5, 6, 9, 10, 25
65, 0, 1, 2, 3, 4, 5, 6, 9, 11, 24
65, 0, 1, 2, 3, 4, 5, 6, 9, 12, 23
65, 0, 1, 2, 3, 4, 5, 6, 9, 13, 22
65, 0, 1, 2, 3, 4, 5, 6, 9, 14, 21
65, 0, 1, 2, 3, 4, 5, 6, 9, 15, 20
65, 0, 1, 2, 3, 4, 5, 6, 9, 16, 19
65, 0, 1, 2, 3, 4, 5, 6, 9, 17, 18
65, 0, 1, 2, 3, 4, 5, 6, 10, 11, 23
65, 0, 1, 2, 3, 4, 5, 6, 10, 12, 22
65, 0, 1, 2, 3, 4, 5, 6, 10, 13, 21
65, 0, 1, 2, 3, 4, 5, 6, 10, 14, 20
65, 0, 1, 2, 3, 4, 5, 6, 10, 15, 19
65, 0, 1, 2, 3, 4, 5, 6, 10, 16, 18
65, 0, 1, 2, 3, 4, 5, 6, 11, 12, 21
65, 0, 1, 2, 3, 4, 5, 6, 11, 13, 20
65, 0, 1, 2, 3, 4, 5, 6, 11, 14, 19
65, 0, 1, 2, 3, 4, 5, 6, 11, 15, 18
65, 0, 1, 2, 3, 4, 5, 6, 11, 16, 17
65, 0, 1, 2, 3, 4, 5, 6, 12, 13, 19
65, 0, 1, 2, 3, 4, 5, 6, 12, 14, 18
65, 0, 1, 2, 3, 4, 5, 6, 12, 15, 17
65, 0, 1, 2, 3, 4, 5, 6, 13, 14, 17
65, 0, 1, 2, 3, 4, 5, 6, 13, 15, 16
65, 0, 1, 2, 3, 4, 5, 7, 8, 9, 26
65, 0, 1, 2, 3, 4, 5, 7, 8, 10, 25
65, 0, 1, 2, 3, 4, 5, 7, 8, 11, 24
65, 0, 1, 2, 3, 4, 5, 7, 8, 12, 23
65, 0, 1, 2, 3, 4, 5, 7, 8, 13, 22
65, 0, 1, 2, 3, 4, 5, 7, 8, 14, 21
65, 0, 1, 2, 3, 4, 5, 7, 8, 15, 20
65, 0, 1, 2, 3, 4, 5, 7, 8, 16, 19
65, 0, 1, 2, 3, 4, 5, 7, 8, 17, 18
65, 0, 1, 2, 3, 4, 5, 7, 9, 10, 24
65, 0, 1, 2, 3, 4, 5, 7, 9, 11, 23
65, 0, 1, 2, 3, 4, 5, 7, 9, 12, 22
65, 0, 1, 2, 3, 4, 5, 7, 9, 13, 21
65, 0, 1, 2, 3, 4, 5, 7, 9, 14, 20
65, 0, 1, 2, 3, 4, 5, 7, 9, 15, 19
65, 0, 1, 2, 3, 4, 5, 7, 9, 16, 18
65, 0, 1, 2, 3, 4, 5, 7, 10, 11, 22
65, 0, 1, 2, 3, 4, 5, 7, 10, 12, 21
65, 0, 1, 2, 3, 4, 5, 7, 10, 13, 20
65, 0, 1, 2, 3, 4, 5, 7, 10, 14, 19
65, 0, 1, 2, 3, 4, 5, 7, 10, 15, 18
65, 0, 1, 2, 3, 4, 5, 7, 10, 16, 17
65, 0, 1, 2, 3, 4, 5, 7, 11, 12, 20
65, 0, 1, 2, 3, 4, 5, 7, 11, 13, 19
65, 0, 1, 2, 3, 4, 5, 7, 11, 14, 18
65, 0, 1, 2, 3, 4, 5, 7, 11, 15, 17
65, 0, 1, 2, 3, 4, 5, 7, 12, 13, 18
65, 0, 1, 2, 3, 4, 5, 7, 12, 14, 17
65, 0, 1, 2, 3, 4, 5, 7, 12, 15, 16
65, 0, 1, 2, 3, 4, 5, 7, 13, 14, 16
65, 0, 1, 2, 3, 4, 5, 8, 9, 10, 23
65, 0, 1, 2, 3, 4, 5, 8, 9, 11, 22
65, 0, 1, 2, 3, 4, 5, 8, 9, 12, 21
65, 0, 1, 2, 3, 4, 5, 8, 9, 13, 20
65, 0, 1, 2, 3, 4, 5, 8, 9, 14, 19
65, 0, 1, 2, 3, 4, 5, 8, 9, 15, 18
65, 0, 1, 2, 3, 4, 5, 8, 9, 16, 17
65, 0, 1, 2, 3, 4, 5, 8, 10, 11, 21
65, 0, 1, 2, 3, 4, 5, 8, 10, 12, 20
65, 0, 1, 2, 3, 4, 5, 8, 10, 13, 19
65, 0, 1, 2, 3, 4, 5, 8, 10, 14, 18
65, 0, 1, 2, 3, 4, 5, 8, 10, 15, 17
65, 0, 1, 2, 3, 4, 5, 8, 11, 12, 19
65, 0, 1, 2, 3, 4, 5, 8, 11, 13, 18
65, 0, 1, 2, 3, 4, 5, 8, 11, 14, 17
65, 0, 1, 2, 3, 4, 5, 8, 11, 15, 16
65, 0, 1, 2, 3, 4, 5, 8, 12, 13, 17
65, 0, 1, 2, 3, 4, 5, 8, 12, 14, 16
65, 0, 1, 2, 3, 4, 5, 8, 13, 14, 15
65, 0, 1, 2, 3, 4, 5, 9, 10, 11, 20
65, 0, 1, 2, 3, 4, 5, 9, 10, 12, 19
65, 0, 1, 2, 3, 4, 5, 9, 10, 13, 18
65, 0, 1, 2, 3, 4, 5, 9, 10, 14, 17
65, 0, 1, 2, 3, 4, 5, 9, 10, 15, 16
65, 0, 1, 2, 3, 4, 5, 9, 11, 12, 18
65, 0, 1, 2, 3, 4, 5, 9, 11, 13, 17
65, 0, 1, 2, 3, 4, 5, 9, 11, 14, 16
65, 0, 1, 2, 3, 4, 5, 9, 12, 13, 16
65, 0, 1, 2, 3, 4, 5, 9, 12, 14, 15
65, 0, 1, 2, 3, 4, 5, 10, 11, 12, 17
65, 0, 1, 2, 3, 4, 5, 10, 11, 13, 16
65, 0, 1, 2, 3, 4, 5, 10, 11, 14, 15
65, 0, 1, 2, 3, 4, 5, 10, 12, 13, 15
65, 0, 1, 2, 3, 4, 5, 11, 12, 13, 14
65, 0, 1, 2, 3, 4, 6, 7, 8, 9, 25
65, 0, 1, 2, 3, 4, 6, 7, 8, 10, 24
65, 0, 1, 2, 3, 4, 6, 7, 8, 11, 23
65, 0, 1, 2, 3, 4, 6, 7, 8, 12, 22
65, 0, 1, 2, 3, 4, 6, 7, 8, 13, 21
65, 0, 1, 2, 3, 4, 6, 7, 8, 14, 20
65, 0, 1, 2, 3, 4, 6, 7, 8, 15, 19
65, 0, 1, 2, 3, 4, 6, 7, 8, 16, 18
65, 0, 1, 2, 3, 4, 6, 7, 9, 10, 23
65, 0, 1, 2, 3, 4, 6, 7, 9, 11, 22
65, 0, 1, 2, 3, 4, 6, 7, 9, 12, 21
65, 0, 1, 2, 3, 4, 6, 7, 9, 13, 20
65, 0, 1, 2, 3, 4, 6, 7, 9, 14, 19
65, 0, 1, 2, 3, 4, 6, 7, 9, 15, 18
65, 0, 1, 2, 3, 4, 6, 7, 9, 16, 17
65, 0, 1, 2, 3, 4, 6, 7, 10, 11, 21
65, 0, 1, 2, 3, 4, 6, 7, 10, 12, 20
65, 0, 1, 2, 3, 4, 6, 7, 10, 13, 19
65, 0, 1, 2, 3, 4, 6, 7, 10, 14, 18
65, 0, 1, 2, 3, 4, 6, 7, 10, 15, 17
65, 0, 1, 2, 3, 4, 6, 7, 11, 12, 19
65, 0, 1, 2, 3, 4, 6, 7, 11, 13, 18
65, 0, 1, 2, 3, 4, 6, 7, 11, 14, 17
65, 0, 1, 2, 3, 4, 6, 7, 11, 15, 16
65, 0, 1, 2, 3, 4, 6, 7, 12, 13, 17
65, 0, 1, 2, 3, 4, 6, 7, 12, 14, 16
65, 0, 1, 2, 3, 4, 6, 7, 13, 14, 15
65, 0, 1, 2, 3, 4, 6, 8, 9, 10, 22
65, 0, 1, 2, 3, 4, 6, 8, 9, 11, 21
65, 0, 1, 2, 3, 4, 6, 8, 9, 12, 20
65, 0, 1, 2, 3, 4, 6, 8, 9, 13, 19
65, 0, 1, 2, 3, 4, 6, 8, 9, 14, 18
65, 0, 1, 2, 3, 4, 6, 8, 9, 15, 17
65, 0, 1, 2, 3, 4, 6, 8, 10, 11, 20
65, 0, 1, 2, 3, 4, 6, 8, 10, 12, 19
65, 0, 1, 2, 3, 4, 6, 8, 10, 13, 18
65, 0, 1, 2, 3, 4, 6, 8, 10, 14, 17
65, 0, 1, 2, 3, 4, 6, 8, 10, 15, 16
65, 0, 1, 2, 3, 4, 6, 8, 11, 12, 18
65, 0, 1, 2, 3, 4, 6, 8, 11, 13, 17
65, 0, 1, 2, 3, 4, 6, 8, 11, 14, 16
65, 0, 1, 2, 3, 4, 6, 8, 12, 13, 16
65, 0, 1, 2, 3, 4, 6, 8, 12, 14, 15
65, 0, 1, 2, 3, 4, 6, 9, 10, 11, 19
65, 0, 1, 2, 3, 4, 6, 9, 10, 12, 18
65, 0, 1, 2, 3, 4, 6, 9, 10, 13, 17
65, 0, 1, 2, 3, 4, 6, 9, 10, 14, 16
65, 0, 1, 2, 3, 4, 6, 9, 11, 12, 17
65, 0, 1, 2, 3, 4, 6, 9, 11, 13, 16
65, 0, 1, 2, 3, 4, 6, 9, 11, 14, 15
65, 0, 1, 2, 3, 4, 6, 9, 12, 13, 15
65, 0, 1, 2, 3, 4, 6, 10, 11, 12, 16
65, 0, 1, 2, 3, 4, 6, 10, 11, 13, 15
65, 0, 1, 2, 3, 4, 6, 10, 12, 13, 14
65, 0, 1, 2, 3, 4, 7, 8, 9, 10, 21
65, 0, 1, 2, 3, 4, 7, 8, 9, 11, 20
65, 0, 1, 2, 3, 4, 7, 8, 9, 12, 19
65, 0, 1, 2, 3, 4, 7, 8, 9, 13, 18
65, 0, 1, 2, 3, 4, 7, 8, 9, 14, 17
65, 0, 1, 2, 3, 4, 7, 8, 9, 15, 16
65, 0, 1, 2, 3, 4, 7, 8, 10, 11, 19
65, 0, 1, 2, 3, 4, 7, 8, 10, 12, 18
65, 0, 1, 2, 3, 4, 7, 8, 10, 13, 17
65, 0, 1, 2, 3, 4, 7, 8, 10, 14, 16
65, 0, 1, 2, 3, 4, 7, 8, 11, 12, 17
65, 0, 1, 2, 3, 4, 7, 8, 11, 13, 16
65, 0, 1, 2, 3, 4, 7, 8, 11, 14, 15
65, 0, 1, 2, 3, 4, 7, 8, 12, 13, 15
65, 0, 1, 2, 3, 4, 7, 9, 10, 11, 18
65, 0, 1, 2, 3, 4, 7, 9, 10, 12, 17
65, 0, 1, 2, 3, 4, 7, 9, 10, 13, 16
65, 0, 1, 2, 3, 4, 7, 9, 10, 14, 15
65, 0, 1, 2, 3, 4, 7, 9, 11, 12, 16
65, 0, 1, 2, 3, 4, 7, 9, 11, 13, 15
65, 0, 1, 2, 3, 4, 7, 9, 12, 13, 14
65, 0, 1, 2, 3, 4, 7, 10, 11, 12, 15
65, 0, 1, 2, 3, 4, 7, 10, 11, 13, 14
65, 0, 1, 2, 3, 4, 8, 9, 10, 11, 17
65, 0, 1, 2, 3, 4, 8, 9, 10, 12, 16
65, 0, 1, 2, 3, 4, 8, 9, 10, 13, 15
65, 0, 1, 2, 3, 4, 8, 9, 11, 12, 15
65, 0, 1, 2, 3, 4, 8, 9, 11, 13, 14
65, 0, 1, 2, 3, 4, 8, 10, 11, 12, 14
65, 0, 1, 2, 3, 4, 9, 10, 11, 12, 13
65, 0, 1, 2, 3, 5, 6, 7, 8, 9, 24
65, 0, 1, 2, 3, 5, 6, 7, 8, 10, 23
65, 0, 1, 2, 3, 5, 6, 7, 8, 11, 22
65, 0, 1, 2, 3, 5, 6, 7, 8, 12, 21
65, 0, 1, 2, 3, 5, 6, 7, 8, 13, 20
65, 0, 1, 2, 3, 5, 6, 7, 8, 14, 19
65, 0, 1, 2, 3, 5, 6, 7, 8, 15, 18
65, 0, 1, 2, 3, 5, 6, 7, 8, 16, 17
65, 0, 1, 2, 3, 5, 6, 7, 9, 10, 22
65, 0, 1, 2, 3, 5, 6, 7, 9, 11, 21
65, 0, 1, 2, 3, 5, 6, 7, 9, 12, 20
65, 0, 1, 2, 3, 5, 6, 7, 9, 13, 19
65, 0, 1, 2, 3, 5, 6, 7, 9, 14, 18
65, 0, 1, 2, 3, 5, 6, 7, 9, 15, 17
65, 0, 1, 2, 3, 5, 6, 7, 10, 11, 20
65, 0, 1, 2, 3, 5, 6, 7, 10, 12, 19
65, 0, 1, 2, 3, 5, 6, 7, 10, 13, 18
65, 0, 1, 2, 3, 5, 6, 7, 10, 14, 17
65, 0, 1, 2, 3, 5, 6, 7, 10, 15, 16
65, 0, 1, 2, 3, 5, 6, 7, 11, 12, 18
65, 0, 1, 2, 3, 5, 6, 7, 11, 13, 17
65, 0, 1, 2, 3, 5, 6, 7, 11, 14, 16
65, 0, 1, 2, 3, 5, 6, 7, 12, 13, 16
65, 0, 1, 2, 3, 5, 6, 7, 12, 14, 15
65, 0, 1, 2, 3, 5, 6, 8, 9, 10, 21
65, 0, 1, 2, 3, 5, 6, 8, 9, 11, 20
65, 0, 1, 2, 3, 5, 6, 8, 9, 12, 19
65, 0, 1, 2, 3, 5, 6, 8, 9, 13, 18
65, 0, 1, 2, 3, 5, 6, 8, 9, 14, 17
65, 0, 1, 2, 3, 5, 6, 8, 9, 15, 16
65, 0, 1, 2, 3, 5, 6, 8, 10, 11, 19
65, 0, 1, 2, 3, 5, 6, 8, 10, 12, 18
65, 0, 1, 2, 3, 5, 6, 8, 10, 13, 17
65, 0, 1, 2, 3, 5, 6, 8, 10, 14, 16
65, 0, 1, 2, 3, 5, 6, 8, 11, 12, 17
65, 0, 1, 2, 3, 5, 6, 8, 11, 13, 16
65, 0, 1, 2, 3, 5, 6, 8, 11, 14, 15
65, 0, 1, 2, 3, 5, 6, 8, 12, 13, 15
65, 0, 1, 2, 3, 5, 6, 9, 10, 11, 18
65, 0, 1, 2, 3, 5, 6, 9, 10, 12, 17
65, 0, 1, 2, 3, 5, 6, 9, 10, 13, 16
65, 0, 1, 2, 3, 5, 6, 9, 10, 14, 15
65, 0, 1, 2, 3, 5, 6, 9, 11, 12, 16
65, 0, 1, 2, 3, 5, 6, 9, 11, 13, 15
65, 0, 1, 2, 3, 5, 6, 9, 12, 13, 14
65, 0, 1, 2, 3, 5, 6, 10, 11, 12, 15
65, 0, 1, 2, 3, 5, 6, 10, 11, 13, 14
65, 0, 1, 2, 3, 5, 7, 8, 9, 10, 20
65, 0, 1, 2, 3, 5, 7, 8, 9, 11, 19
65, 0, 1, 2, 3, 5, 7, 8, 9, 12, 18
65, 0, 1, 2, 3, 5, 7, 8, 9, 13, 17
65, 0, 1, 2, 3, 5, 7, 8, 9, 14, 16
65, 0, 1, 2, 3, 5, 7, 8, 10, 11, 18
65, 0, 1, 2, 3, 5, 7, 8, 10, 12, 17
65, 0, 1, 2, 3, 5, 7, 8, 10, 13, 16
65, 0, 1, 2, 3, 5, 7, 8, 10, 14, 15
65, 0, 1, 2, 3, 5, 7, 8, 11, 12, 16
65, 0, 1, 2, 3, 5, 7, 8, 11, 13, 15
65, 0, 1, 2, 3, 5, 7, 8, 12, 13, 14
65, 0, 1, 2, 3, 5, 7, 9, 10, 11, 17
65, 0, 1, 2, 3, 5, 7, 9, 10, 12, 16
65, 0, 1, 2, 3, 5, 7, 9, 10, 13, 15
65, 0, 1, 2, 3, 5, 7, 9, 11, 12, 15
65, 0, 1, 2, 3, 5, 7, 9, 11, 13, 14
65, 0, 1, 2, 3, 5, 7, 10, 11, 12, 14
65, 0, 1, 2, 3, 5, 8, 9, 10, 11, 16
65, 0, 1, 2, 3, 5, 8, 9, 10, 12, 15
65, 0, 1, 2, 3, 5, 8, 9, 10, 13, 14
65, 0, 1, 2, 3, 5, 8, 9, 11, 12, 14
65, 0, 1, 2, 3, 5, 8, 10, 11, 12, 13
65, 0, 1, 2, 3, 6, 7, 8, 9, 10, 19
65, 0, 1, 2, 3, 6, 7, 8, 9, 11, 18
65, 0, 1, 2, 3, 6, 7, 8, 9, 12, 17
65, 0, 1, 2, 3, 6, 7, 8, 9, 13, 16
65, 0, 1, 2, 3, 6, 7, 8, 9, 14, 15
65, 0, 1, 2, 3, 6, 7, 8, 10, 11, 17
65, 0, 1, 2, 3, 6, 7, 8, 10, 12, 16
65, 0, 1, 2, 3, 6, 7, 8, 10, 13, 15
65, 0, 1, 2, 3, 6, 7, 8, 11, 12, 15
65, 0, 1, 2, 3, 6, 7, 8, 11, 13, 14
65, 0, 1, 2, 3, 6, 7, 9, 10, 11, 16
65, 0, 1, 2, 3, 6, 7, 9, 10, 12, 15
65, 0, 1, 2, 3, 6, 7, 9, 10, 13, 14
65, 0, 1, 2, 3, 6, 7, 9, 11, 12, 14
65, 0, 1, 2, 3, 6, 7, 10, 11, 12, 13
65, 0, 1, 2, 3, 6, 8, 9, 10, 11, 15
65, 0, 1, 2, 3, 6, 8, 9, 10, 12, 14
65, 0, 1, 2, 3, 6, 8, 9, 11, 12, 13
65, 0, 1, 2, 3, 7, 8, 9, 10, 11, 14
65, 0, 1, 2, 3, 7, 8, 9, 10, 12, 13
65, 0, 1, 2, 4, 5, 6, 7, 8, 9, 23
65, 0, 1, 2, 4, 5, 6, 7, 8, 10, 22
65, 0, 1, 2, 4, 5, 6, 7, 8, 11, 21
65, 0, 1, 2, 4, 5, 6, 7, 8, 12, 20
65, 0, 1, 2, 4, 5, 6, 7, 8, 13, 19
65, 0, 1, 2, 4, 5, 6, 7, 8, 14, 18
65, 0, 1, 2, 4, 5, 6, 7, 8, 15, 17
65, 0, 1, 2, 4, 5, 6, 7, 9, 10, 21
65, 0, 1, 2, 4, 5, 6, 7, 9, 11, 20
65, 0, 1, 2, 4, 5, 6, 7, 9, 12, 19
65, 0, 1, 2, 4, 5, 6, 7, 9, 13, 18
65, 0, 1, 2, 4, 5, 6, 7, 9, 14, 17
65, 0, 1, 2, 4, 5, 6, 7, 9, 15, 16
65, 0, 1, 2, 4, 5, 6, 7, 10, 11, 19
65, 0, 1, 2, 4, 5, 6, 7, 10, 12, 18
65, 0, 1, 2, 4, 5, 6, 7, 10, 13, 17
65, 0, 1, 2, 4, 5, 6, 7, 10, 14, 16
65, 0, 1, 2, 4, 5, 6, 7, 11, 12, 17
65, 0, 1, 2, 4, 5, 6, 7, 11, 13, 16
65, 0, 1, 2, 4, 5, 6, 7, 11, 14, 15
65, 0, 1, 2, 4, 5, 6, 7, 12, 13, 15
65, 0, 1, 2, 4, 5, 6, 8, 9, 10, 20
65, 0, 1, 2, 4, 5, 6, 8, 9, 11, 19
65, 0, 1, 2, 4, 5, 6, 8, 9, 12, 18
65, 0, 1, 2, 4, 5, 6, 8, 9, 13, 17
65, 0, 1, 2, 4, 5, 6, 8, 9, 14, 16
65, 0, 1, 2, 4, 5, 6, 8, 10, 11, 18
65, 0, 1, 2, 4, 5, 6, 8, 10, 12, 17
65, 0, 1, 2, 4, 5, 6, 8, 10, 13, 16
65, 0, 1, 2, 4, 5, 6, 8, 10, 14, 15
65, 0, 1, 2, 4, 5, 6, 8, 11, 12, 16
65, 0, 1, 2, 4, 5, 6, 8, 11, 13, 15
65, 0, 1, 2, 4, 5, 6, 8, 12, 13, 14
65, 0, 1, 2, 4, 5, 6, 9, 10, 11, 17
65, 0, 1, 2, 4, 5, 6, 9, 10, 12, 16
65, 0, 1, 2, 4, 5, 6, 9, 10, 13, 15
65, 0, 1, 2, 4, 5, 6, 9, 11, 12, 15
65, 0, 1, 2, 4, 5, 6, 9, 11, 13, 14
65, 0, 1, 2, 4, 5, 6, 10, 11, 12, 14
65, 0, 1, 2, 4, 5, 7, 8, 9, 10, 19
65, 0, 1, 2, 4, 5, 7, 8, 9, 11, 18
65, 0, 1, 2, 4, 5, 7, 8, 9, 12, 17
65, 0, 1, 2, 4, 5, 7, 8, 9, 13, 16
65, 0, 1, 2, 4, 5, 7, 8, 9, 14, 15
65, 0, 1, 2, 4, 5, 7, 8, 10, 11, 17
65, 0, 1, 2, 4, 5, 7, 8, 10, 12, 16
65, 0, 1, 2, 4, 5, 7, 8, 10, 13, 15
65, 0, 1, 2, 4, 5, 7, 8, 11, 12, 15
65, 0, 1, 2, 4, 5, 7, 8, 11, 13, 14
65, 0, 1, 2, 4, 5, 7, 9, 10, 11, 16
65, 0, 1, 2, 4, 5, 7, 9, 10, 12, 15
65, 0, 1, 2, 4, 5, 7, 9, 10, 13, 14
65, 0, 1, 2, 4, 5, 7, 9, 11, 12, 14
65, 0, 1, 2, 4, 5, 7, 10, 11, 12, 13
65, 0, 1, 2, 4, 5, 8, 9, 10, 11, 15
65, 0, 1, 2, 4, 5, 8, 9, 10, 12, 14
65, 0, 1, 2, 4, 5, 8, 9, 11, 12, 13
65, 0, 1, 2, 4, 6, 7, 8, 9, 10, 18
65, 0, 1, 2, 4, 6, 7, 8, 9, 11, 17
65, 0, 1, 2, 4, 6, 7, 8, 9, 12, 16
65, 0, 1, 2, 4, 6, 7, 8, 9, 13, 15
65, 0, 1, 2, 4, 6, 7, 8, 10, 11, 16
65, 0, 1, 2, 4, 6, 7, 8, 10, 12, 15
65, 0, 1, 2, 4, 6, 7, 8, 10, 13, 14
65, 0, 1, 2, 4, 6, 7, 8, 11, 12, 14
65, 0, 1, 2, 4, 6, 7, 9, 10, 11, 15
65, 0, 1, 2, 4, 6, 7, 9, 10, 12, 14
65, 0, 1, 2, 4, 6, 7, 9, 11, 12, 13
65, 0, 1, 2, 4, 6, 8, 9, 10, 11, 14
65, 0, 1, 2, 4, 6, 8, 9, 10, 12, 13
65, 0, 1, 2, 4, 7, 8, 9, 10, 11, 13
65, 0, 1, 2, 5, 6, 7, 8, 9, 10, 17
65, 0, 1, 2, 5, 6, 7, 8, 9, 11, 16
65, 0, 1, 2, 5, 6, 7, 8, 9, 12, 15
65, 0, 1, 2, 5, 6, 7, 8, 9, 13, 14
65, 0, 1, 2, 5, 6, 7, 8, 10, 11, 15
65, 0, 1, 2, 5, 6, 7, 8, 10, 12, 14
65, 0, 1, 2, 5, 6, 7, 8, 11, 12, 13
65, 0, 1, 2, 5, 6, 7, 9, 10, 11, 14
65, 0, 1, 2, 5, 6, 7, 9, 10, 12, 13
65, 0, 1, 2, 5, 6, 8, 9, 10, 11, 13
65, 0, 1, 2, 5, 7, 8, 9, 10, 11, 12
65, 0, 1, 3, 4, 5, 6, 7, 8, 9, 22
65, 0, 1, 3, 4, 5, 6, 7, 8, 10, 21
65, 0, 1, 3, 4, 5, 6, 7, 8, 11, 20
65, 0, 1, 3, 4, 5, 6, 7, 8, 12, 19
65, 0, 1, 3, 4, 5, 6, 7, 8, 13, 18
65, 0, 1, 3, 4, 5, 6, 7, 8, 14, 17
65, 0, 1, 3, 4, 5, 6, 7, 8, 15, 16
65, 0, 1, 3, 4, 5, 6, 7, 9, 10, 20
65, 0, 1, 3, 4, 5, 6, 7, 9, 11, 19
65, 0, 1, 3, 4, 5, 6, 7, 9, 12, 18
65, 0, 1, 3, 4, 5, 6, 7, 9, 13, 17
65, 0, 1, 3, 4, 5, 6, 7, 9, 14, 16
65, 0, 1, 3, 4, 5, 6, 7, 10, 11, 18
65, 0, 1, 3, 4, 5, 6, 7, 10, 12, 17
65, 0, 1, 3, 4, 5, 6, 7, 10, 13, 16
65, 0, 1, 3, 4, 5, 6, 7, 10, 14, 15
65, 0, 1, 3, 4, 5, 6, 7, 11, 12, 16
65, 0, 1, 3, 4, 5, 6, 7, 11, 13, 15
65, 0, 1, 3, 4, 5, 6, 7, 12, 13, 14
65, 0, 1, 3, 4, 5, 6, 8, 9, 10, 19
65, 0, 1, 3, 4, 5, 6, 8, 9, 11, 18
65, 0, 1, 3, 4, 5, 6, 8, 9, 12, 17
65, 0, 1, 3, 4, 5, 6, 8, 9, 13, 16
65, 0, 1, 3, 4, 5, 6, 8, 9, 14, 15
65, 0, 1, 3, 4, 5, 6, 8, 10, 11, 17
65, 0, 1, 3, 4, 5, 6, 8, 10, 12, 16
65, 0, 1, 3, 4, 5, 6, 8, 10, 13, 15
65, 0, 1, 3, 4, 5, 6, 8, 11, 12, 15
65, 0, 1, 3, 4, 5, 6, 8, 11, 13, 14
65, 0, 1, 3, 4, 5, 6, 9, 10, 11, 16
65, 0, 1, 3, 4, 5, 6, 9, 10, 12, 15
65, 0, 1, 3, 4, 5, 6, 9, 10, 13, 14
65, 0, 1, 3, 4, 5, 6, 9, 11, 12, 14
65, 0, 1, 3, 4, 5, 6, 10, 11, 12, 13
65, 0, 1, 3, 4, 5, 7, 8, 9, 10, 18
65, 0, 1, 3, 4, 5, 7, 8, 9, 11, 17
65, 0, 1, 3, 4, 5, 7, 8, 9, 12, 16
65, 0, 1, 3, 4, 5, 7, 8, 9, 13, 15
65, 0, 1, 3, 4, 5, 7, 8, 10, 11, 16
65, 0, 1, 3, 4, 5, 7, 8, 10, 12, 15
65, 0, 1, 3, 4, 5, 7, 8, 10, 13, 14
65, 0, 1, 3, 4, 5, 7, 8, 11, 12, 14
65, 0, 1, 3, 4, 5, 7, 9, 10, 11, 15
65, 0, 1, 3, 4, 5, 7, 9, 10, 12, 14
65, 0, 1, 3, 4, 5, 7, 9, 11, 12, 13
65, 0, 1, 3, 4, 5, 8, 9, 10, 11, 14
65, 0, 1, 3, 4, 5, 8, 9, 10, 12, 13
65, 0, 1, 3, 4, 6, 7, 8, 9, 10, 17
65, 0, 1, 3, 4, 6, 7, 8, 9, 11, 16
65, 0, 1, 3, 4, 6, 7, 8, 9, 12, 15
65, 0, 1, 3, 4, 6, 7, 8, 9, 13, 14
65, 0, 1, 3, 4, 6, 7, 8, 10, 11, 15
65, 0, 1, 3, 4, 6, 7, 8, 10, 12, 14
65, 0, 1, 3, 4, 6, 7, 8, 11, 12, 13
65, 0, 1, 3, 4, 6, 7, 9, 10, 11, 14
65, 0, 1, 3, 4, 6, 7, 9, 10, 12, 13
65, 0, 1, 3, 4, 6, 8, 9, 10, 11, 13
65, 0, 1, 3, 4, 7, 8, 9, 10, 11, 12
65, 0, 1, 3, 5, 6, 7, 8, 9, 10, 16
65, 0, 1, 3, 5, 6, 7, 8, 9, 11, 15
65, 0, 1, 3, 5, 6, 7, 8, 9, 12, 14
65, 0, 1, 3, 5, 6, 7, 8, 10, 11, 14
65, 0, 1, 3, 5, 6, 7, 8, 10, 12, 13
65, 0, 1, 3, 5, 6, 7, 9, 10, 11, 13
65, 0, 1, 3, 5, 6, 8, 9, 10, 11, 12
65, 0, 1, 4, 5, 6, 7, 8, 9, 10, 15
65, 0, 1, 4, 5, 6, 7, 8, 9, 11, 14
65, 0, 1, 4, 5, 6, 7, 8, 9, 12, 13
65, 0, 1, 4, 5, 6, 7, 8, 10, 11, 13
65, 0, 1, 4, 5, 6, 7, 9, 10, 11, 12
65, 0, 2, 3, 4, 5, 6, 7, 8, 9, 21
65, 0, 2, 3, 4, 5, 6, 7, 8, 10, 20
65, 0, 2, 3, 4, 5, 6, 7, 8, 11, 19
65, 0, 2, 3, 4, 5, 6, 7, 8, 12, 18
65, 0, 2, 3, 4, 5, 6, 7, 8, 13, 17
65, 0, 2, 3, 4, 5, 6, 7, 8, 14, 16
65, 0, 2, 3, 4, 5, 6, 7, 9, 10, 19
65, 0, 2, 3, 4, 5, 6, 7, 9, 11, 18
65, 0, 2, 3, 4, 5, 6, 7, 9, 12, 17
65, 0, 2, 3, 4, 5, 6, 7, 9, 13, 16
65, 0, 2, 3, 4, 5, 6, 7, 9, 14, 15
65, 0, 2, 3, 4, 5, 6, 7, 10, 11, 17
65, 0, 2, 3, 4, 5, 6, 7, 10, 12, 16
65, 0, 2, 3, 4, 5, 6, 7, 10, 13, 15
65, 0, 2, 3, 4, 5, 6, 7, 11, 12, 15
65, 0, 2, 3, 4, 5, 6, 7, 11, 13, 14
65, 0, 2, 3, 4, 5, 6, 8, 9, 10, 18
65, 0, 2, 3, 4, 5, 6, 8, 9, 11, 17
65, 0, 2, 3, 4, 5, 6, 8, 9, 12, 16
65, 0, 2, 3, 4, 5, 6, 8, 9, 13, 15
65, 0, 2, 3, 4, 5, 6, 8, 10, 11, 16
65, 0, 2, 3, 4, 5, 6, 8, 10, 12, 15
65, 0, 2, 3, 4, 5, 6, 8, 10, 13, 14
65, 0, 2, 3, 4, 5, 6, 8, 11, 12, 14
65, 0, 2, 3, 4, 5, 6, 9, 10, 11, 15
65, 0, 2, 3, 4, 5, 6, 9, 10, 12, 14
65, 0, 2, 3, 4, 5, 6, 9, 11, 12, 13
65, 0, 2, 3, 4, 5, 7, 8, 9, 10, 17
65, 0, 2, 3, 4, 5, 7, 8, 9, 11, 16
65, 0, 2, 3, 4, 5, 7, 8, 9, 12, 15
65, 0, 2, 3, 4, 5, 7, 8, 9, 13, 14
65, 0, 2, 3, 4, 5, 7, 8, 10, 11, 15
65, 0, 2, 3, 4, 5, 7, 8, 10, 12, 14
65, 0, 2, 3, 4, 5, 7, 8, 11, 12, 13
65, 0, 2, 3, 4, 5, 7, 9, 10, 11, 14
65, 0, 2, 3, 4, 5, 7, 9, 10, 12, 13
65, 0, 2, 3, 4, 5, 8, 9, 10, 11, 13
65, 0, 2, 3, 4, 6, 7, 8, 9, 10, 16
65, 0, 2, 3, 4, 6, 7, 8, 9, 11, 15
65, 0, 2, 3, 4, 6, 7, 8, 9, 12, 14
65, 0, 2, 3, 4, 6, 7, 8, 10, 11, 14
65, 0, 2, 3, 4, 6, 7, 8, 10, 12, 13
65, 0, 2, 3, 4, 6, 7, 9, 10, 11, 13
65, 0, 2, 3, 4, 6, 8, 9, 10, 11, 12
65, 0, 2, 3, 5, 6, 7, 8, 9, 10, 15
65, 0, 2, 3, 5, 6, 7, 8, 9, 11, 14
65, 0, 2, 3, 5, 6, 7, 8, 9, 12, 13
65, 0, 2, 3, 5, 6, 7, 8, 10, 11, 13
65, 0, 2, 3, 5, 6, 7, 9, 10, 11, 12
65, 0, 2, 4, 5, 6, 7, 8, 9, 10, 14
65, 0, 2, 4, 5, 6, 7, 8, 9, 11, 13
65, 0, 2, 4, 5, 6, 7, 8, 10, 11, 12
65, 0, 3, 4, 5, 6, 7, 8, 9, 10, 13
65, 0, 3, 4, 5, 6, 7, 8, 9, 11, 12
65, 1, 2, 3, 4, 5, 6, 7, 8, 9, 20
65, 1, 2, 3, 4, 5, 6, 7, 8, 10, 19
65, 1, 2, 3, 4, 5, 6, 7, 8, 11, 18
65, 1, 2, 3, 4, 5, 6, 7, 8, 12, 17
65, 1, 2, 3, 4, 5, 6, 7, 8, 13, 16
65, 1, 2, 3, 4, 5, 6, 7, 8, 14, 15
65, 1, 2, 3, 4, 5, 6, 7, 9, 10, 18
65, 1, 2, 3, 4, 5, 6, 7, 9, 11, 17
65, 1, 2, 3, 4, 5, 6, 7, 9, 12, 16
65, 1, 2, 3, 4, 5, 6, 7, 9, 13, 15
65, 1, 2, 3, 4, 5, 6, 7, 10, 11, 16
65, 1, 2, 3, 4, 5, 6, 7, 10, 12, 15
65, 1, 2, 3, 4, 5, 6, 7, 10, 13, 14
65, 1, 2, 3, 4, 5, 6, 7, 11, 12, 14
65, 1, 2, 3, 4, 5, 6, 8, 9, 10, 17
65, 1, 2, 3, 4, 5, 6, 8, 9, 11, 16
65, 1, 2, 3, 4, 5, 6, 8, 9, 12, 15
65, 1, 2, 3, 4, 5, 6, 8, 9, 13, 14
65, 1, 2, 3, 4, 5, 6, 8, 10, 11, 15
65, 1, 2, 3, 4, 5, 6, 8, 10, 12, 14
65, 1, 2, 3, 4, 5, 6, 8, 11, 12, 13
65, 1, 2, 3, 4, 5, 6, 9, 10, 11, 14
65, 1, 2, 3, 4, 5, 6, 9, 10, 12, 13
65, 1, 2, 3, 4, 5, 7, 8, 9, 10, 16
65, 1, 2, 3, 4, 5, 7, 8, 9, 11, 15
65, 1, 2, 3, 4, 5, 7, 8, 9, 12, 14
65, 1, 2, 3, 4, 5, 7, 8, 10, 11, 14
65, 1, 2, 3, 4, 5, 7, 8, 10, 12, 13
65, 1, 2, 3, 4, 5, 7, 9, 10, 11, 13
65, 1, 2, 3, 4, 5, 8, 9, 10, 11, 12
65, 1, 2, 3, 4, 6, 7, 8, 9, 10, 15
65, 1, 2, 3, 4, 6, 7, 8, 9, 11, 14
65, 1, 2, 3, 4, 6, 7, 8, 9, 12, 13
65, 1, 2, 3, 4, 6, 7, 8, 10, 11, 13
65, 1, 2, 3, 4, 6, 7, 9, 10, 11, 12
65, 1, 2, 3, 5, 6, 7, 8, 9, 10, 14
65, 1, 2, 3, 5, 6, 7, 8, 9, 11, 13
65, 1, 2, 3, 5, 6, 7, 8, 10, 11, 12
65, 1, 2, 4, 5, 6, 7, 8, 9, 10, 13
65, 1, 2, 4, 5, 6, 7, 8, 9, 11, 12
65, 1, 3, 4, 5, 6, 7, 8, 9, 10, 12
65, 2, 3, 4, 5, 6, 7, 8, 9, 10, 11
